"1gram","Frequency","Total Tweets"
"的","94606","37535"
"国","42949","21397"
"中","36212","20429"
"在","34572","23348"
"日","28024","16263"
"一","27482","19245"
"人","22488","14479"
"年","22474","14214"
"美","20849","12692"
"大","20748","14926"
"是","17141","12847"
"和","16647","13058"
"了","15793","12269"
"上","15354","11785"
"新","15334","11328"
"有","15172","11886"
"本","14977","9110"
"出","14776","11496"
"月","14690","11107"
"为","14046","11264"
"不","13715","10585"
"能","11999","9201"
"以","11876","10025"
"来","11591","9680"
"公","11577","8554"
"对","11484","9106"
"将","11452","9052"
"发","11401","9139"
"行","11401","8804"
"成","11111","9023"
"家","11093","8847"
"这","10902","9142"
"國","10112","4098"
"业","10036","6775"
"到","10015","8473"
"下","10001","8094"
"加","9978","7749"
"高","9973","7891"
"地","9763","7440"
"生","9523","7238"
"会","9471","7155"
"市","9442","6892"
"全","9252","7503"
"期","9039","7650"
"最","8979","7665"
"个","8822","7222"
"前","8647","7628"
"可","8647","7177"
"多","8585","7320"
"动","8286","6427"
"元","8261","5075"
"用","8223","6196"
"司","7841","5826"
"时","7790","6510"
"于","7509","6666"
"工","7500","5125"
"增","7393","5098"
"机","7321","5096"
"产","7280","5106"
"部","7255","5859"
"要","7223","6100"
"经","7212","5553"
"电","7125","4109"
"政","7117","5452"
"现","7114","6129"
"度","7047","5577"
"长","6886","5441"
"开","6876","5767"
"表","6822","5950"
"斯","6770","4394"
"方","6621","5482"
"海","6610","4288"
"外","6562","5168"
"过","6440","5672"
"后","6408","5752"
"示","6403","5816"
"天","6397","5111"
"资","6366","4395"
"等","6330","5427"
"台","6316","3757"
"与","6290","5494"
"也","6278","5723"
"者","6233","5204"
"面","6219","5164"
"场","6217","5085"
"数","6216","4875"
"球","6160","4633"
"商","6132","4965"
"制","6064","4831"
"力","6040","5136"
"进","6013","5185"
"作","5965","4946"
"分","5900","5114"
"民","5885","4429"
"之","5868","5276"
"股","5851","3389"
"自","5848","4947"
"特","5846","4305"
"通","5728","4698"
"利","5722","4485"
"其","5720","5103"
"情","5698","4874"
"至","5683","4964"
"关","5675","4728"
"入","5641","4789"
"但","5608","5345"
"车","5604","2864"
"比","5586","4374"
"已","5571","5119"
"重","5526","4758"
"他","5521","4377"
"正","5517","4963"
"近","5458","4920"
"体","5405","4153"
"企","5384","3679"
"金","5351","3662"
"合","5348","4419"
"次","5328","4522"
"价","5281","3704"
"化","5244","4015"
"量","5229","3850"
"周","5218","4519"
"同","5183","4439"
"计","5162","4347"
"首","5091","4394"
"品","5088","3635"
"疫","5049","3360"
"主","5032","4399"
"法","4983","3823"
"提","4928","4327"
"投","4891","3626"
"员","4846","3839"
"布","4772","4281"
"交","4750","3838"
"星","4687","3782"
"平","4670","3886"
"受","4651","4238"
"口","4608","3139"
"名","4582","3791"
"持","4580","4005"
"三","4568","3881"
"起","4507","3992"
"而","4485","4150"
"万","4456","3269"
"说","4436","3993"
"南","4420","3526"
"导","4417","3424"
"报","4411","3918"
"被","4407","3894"
"第","4387","3650"
"定","4364","3855"
"果","4349","3440"
"西","4345","3382"
"达","4339","3697"
"应","4307","3699"
"总","4296","3579"
"马","4278","3156"
"亚","4232","3287"
"今","4226","3877"
"相","4195","3753"
"小","4186","3289"
"因","4157","3798"
"事","4156","3534"
"得","4135","3733"
"内","4120","3674"
"并","4092","3876"
"指","4088","3179"
"们","4077","3294"
"济","4070","2965"
"向","4026","3624"
"如","4021","3613"
"技","3997","3173"
"更","3995","3466"
"造","3951","3431"
"该","3936","3471"
"文","3908","2796"
"理","3896","3232"
"收","3886","3067"
"及","3881","3589"
"统","3833","3166"
"实","3823","3400"
"世","3815","3090"
"接","3807","3216"
"水","3806","2790"
"目","3805","3416"
"亿","3788","2687"
"界","3782","3195"
"就","3774","3379"
"间","3750","3343"
"务","3730","3050"
"此","3723","3519"
"克","3719","2819"
"学","3715","2496"
"性","3714","3123"
"手","3707","2958"
"道","3704","3234"
"展","3703","3122"
"从","3691","3386"
"府","3668","3203"
"预","3646","3027"
"心","3629","3196"
"求","3618","3184"
"物","3611","2634"
"格","3600","2878"
"据","3591","3152"
"半","3591","2486"
"子","3587","2772"
"使","3577","3175"
"约","3571","3049"
"病","3564","2126"
"两","3537","3114"
"超","3533","3032"
"推","3527","3145"
"都","3524","3151"
"当","3521","3205"
"续","3478","3168"
"影","3473","2918"
"种","3468","2685"
"消","3459","2938"
"供","3425","2896"
"代","3399","2814"
"科","3396","2774"
"称","3396","3165"
"些","3374","2936"
"所","3371","3026"
"安","3360","2701"
"强","3357","3010"
"明","3352","2984"
"位","3350","2941"
"冠","3267","2702"
"需","3237","2820"
"少","3209","2779"
"联","3203","2655"
"降","3166","2498"
"着","3159","2866"
"空","3149","2211"
"运","3141","2221"
"管","3140","2678"
"去","3126","2851"
"拉","3125","2354"
"尔","3123","2510"
"普","3118","2475"
"里","3087","2571"
"汽","3075","1888"
"建","3069","2439"
"易","3068","2465"
"率","3064","2325"
"调","3042","2583"
"然","3037","2706"
"东","3030","2350"
"还","3026","2843"
"意","3025","2738"
"低","3013","2595"
"北","3012","2370"
"售","3002","2370"
"客","2994","2172"
"华","2985","2383"
"议","2972","2382"
"型","2972","2353"
"放","2968","2541"
"巴","2968","1922"
"涨","2964","1888"
"创","2957","2590"
"区","2949","2473"
"看","2942","2565"
"基","2934","2372"
"士","2933","2385"
"由","2928","2776"
"京","2922","2179"
"选","2853","2027"
"二","2850","2530"
"保","2845","2427"
"设","2838","2255"
"為","2824","2119"
"引","2823","2658"
"点","2813","2393"
"洲","2809","2046"
"原","2808","2441"
"俄","2800","1638"
"升","2797","2482"
"回","2795","2474"
"系","2792","2384"
"湾","2780","1759"
"越","2771","1639"
"战","2760","2293"
"式","2756","2418"
"我","2750","2068"
"罗","2733","1901"
"英","2729","1967"
"好","2725","2391"
"局","2718","2414"
"未","2714","2528"
"航","2710","1518"
"施","2699","2353"
"费","2679","2137"
"变","2607","2186"
"信","2601","2126"
"件","2589","2128"
"显","2574","2413"
"立","2546","2162"
"网","2541","2032"
"欧","2539","1692"
"取","2514","2322"
"集","2490","2096"
"际","2489","2248"
"德","2488","1926"
"流","2482","2099"
"山","2479","1670"
"反","2463","2169"
"支","2458","2105"
"无","2454","2168"
"风","2452","2011"
"解","2446","2209"
"游","2445","1500"
"问","2435","2170"
"币","2423","1535"
"研","2417","1946"
"感","2413","2015"
"片","2410","1798"
"值","2407","1881"
"息","2402","2001"
"货","2391","1812"
"始","2374","2236"
"任","2371","1951"
"州","2367","1770"
"认","2366","2202"
"减","2349","1854"
"活","2339","2015"
"头","2337","2148"
"视","2326","1896"
"四","2319","2112"
"气","2318","1716"
"领","2310","2014"
"再","2295","2134"
"共","2274","1955"
"源","2274","1866"
"社","2272","1948"
"备","2265","1941"
"争","2257","2010"
"划","2253","2017"
"官","2235","2013"
"發","2233","1481"
"或","2229","2049"
"境","2226","1801"
"來","2223","1746"
"模","2204","1827"
"题","2193","1965"
"告","2189","1942"
"程","2175","1914"
"响","2173","2035"
"宣","2170","2051"
"举","2162","1922"
"销","2154","1663"
"打","2151","1941"
"速","2142","1873"
"致","2140","2042"
"跌","2135","1377"
"印","2133","1326"
"各","2123","1936"
"會","2117","1277"
"势","2104","1921"
"令","2090","1859"
"团","2084","1722"
"何","2083","1824"
"田","2070","1245"
"路","2054","1636"
"步","2044","1868"
"季","2040","1662"
"只","2039","1839"
"查","2038","1683"
"让","2035","1905"
"军","2032","1452"
"项","2022","1788"
"标","2019","1768"
"没","2015","1851"
"非","2003","1708"
"幅","1984","1697"
"業","1983","1145"
"火","1972","1398"
"很","1967","1805"
"包","1963","1788"
"策","1955","1676"
"门","1948","1655"
"份","1941","1670"
"击","1938","1742"
"菲","1935","1170"
"复","1926","1679"
"列","1919","1577"
"兰","1909","1450"
"尼","1908","1367"
"结","1905","1750"
"术","1904","1549"
"港","1901","1133"
"票","1901","1349"
"將","1895","1330"
"五","1893","1759"
"色","1880","1454"
"米","1879","1234"
"究","1875","1577"
"知","1868","1696"
"常","1867","1676"
"器","1861","1297"
"决","1860","1661"
"购","1858","1503"
"油","1857","1039"
"料","1855","1424"
"防","1846","1551"
"苗","1842","1067"
"直","1842","1714"
"款","1833","1473"
"坡","1832","1393"
"控","1826","1613"
"域","1818","1611"
"院","1811","1420"
"智","1811","1494"
"厂","1801","1286"
"存","1794","1517"
"食","1793","1287"
"准","1792","1627"
"阿","1787","1324"
"望","1785","1674"
"律","1781","1281"
"對","1780","1257"
"停","1778","1493"
"传","1775","1539"
"带","1771","1646"
"十","1765","1535"
"额","1758","1445"
"治","1754","1503"
"连","1752","1600"
"规","1740","1568"
"旅","1740","1195"
"走","1737","1590"
"洋","1734","1567"
"每","1734","1552"
"限","1733","1517"
"苹","1728","1194"
"席","1723","1481"
"城","1723","1291"
"警","1721","1419"
"组","1716","1452"
"景","1715","1508"
"花","1708","1087"
"财","1701","1353"
"快","1699","1555"
"服","1696","1349"
"专","1691","1525"
"处","1690","1494"
"众","1690","1505"
"史","1677","1536"
"朗","1668","1263"
"長","1666","1101"
"光","1662","1229"
"巨","1656","1572"
"象","1645","1474"
"排","1644","1254"
"例","1643","1240"
"级","1642","1434"
"仍","1639","1557"
"止","1637","1479"
"单","1622","1360"
"许","1621","1523"
"破","1613","1419"
"房","1609","995"
"获","1607","1494"
"改","1605","1446"
"转","1604","1441"
"開","1599","1221"
"历","1597","1468"
"助","1595","1447"
"节","1594","1260"
"测","1582","1301"
"女","1574","1124"
"韩","1573","1009"
"時","1562","1223"
"太","1557","1276"
"功","1552","1302"
"确","1549","1437"
"案","1548","1289"
"采","1547","1410"
"几","1547","1469"
"香","1544","1036"
"動","1541","1139"
"构","1534","1396"
"论","1530","1375"
"么","1515","1300"
"你","1510","1150"
"营","1504","1280"
"身","1501","1362"
"店","1501","970"
"做","1498","1363"
"难","1491","1365"
"热","1491","1311"
"措","1489","1359"
"担","1489","1400"
"想","1487","1337"
"深","1479","1257"
"险","1468","1304"
"随","1463","1434"
"户","1453","1217"
"观","1451","1285"
"言","1450","1309"
"整","1449","1339"
"福","1448","1126"
"失","1445","1293"
"注","1441","1362"
"密","1440","1178"
"友","1435","1228"
"即","1434","1394"
"飞","1430","982"
"於","1428","1216"
"根","1418","1319"
"给","1416","1337"
"陆","1404","1110"
"银","1403","997"
"权","1397","1191"
"积","1381","1066"
"卡","1377","1083"
"临","1367","1295"
"媒","1359","1232"
"党","1349","831"
"况","1349","1286"
"字","1346","987"
"突","1345","1235"
"春","1345","874"
"波","1345","1122"
"样","1342","1254"
"零","1342","1104"
"储","1340","979"
"往","1338","1113"
"访","1336","1140"
"核","1335","910"
"离","1332","1178"
"线","1327","1132"
"协","1323","1132"
"池","1319","722"
"完","1318","1206"
"泰","1316","838"
"断","1312","1201"
"除","1312","1245"
"機","1311","749"
"具","1311","1191"
"均","1310","1126"
"证","1309","1152"
"富","1309","1028"
"队","1302","1058"
"現","1300","1075"
"短","1297","1110"
"與","1294","1031"
"频","1294","1095"
"它","1292","1169"
"融","1291","1041"
"继","1286","1251"
"师","1285","1139"
"税","1284","833"
"早","1280","1169"
"紧","1280","1208"
"石","1279","920"
"個","1278","1019"
"宾","1275","871"
"關","1272","887"
"底","1271","1168"
"場","1269","940"
"萬","1269","774"
"严","1268","1196"
"清","1267","1083"
"析","1265","1193"
"先","1265","1171"
"竞","1264","1123"
"算","1261","998"
"奥","1261","860"
"裁","1260","977"
"老","1259","977"
"體","1257","846"
"車","1257","591"
"省","1257","1081"
"演","1255","1028"
"吉","1253","982"
"把","1253","1181"
"芯","1247","857"
"站","1245","997"
"批","1244","1130"
"倍","1243","1049"
"百","1243","1086"
"進","1240","1000"
"希","1234","1141"
"括","1234","1209"
"参","1227","1086"
"乌","1219","897"
"白","1216","957"
"經","1215","886"
"效","1213","1085"
"登","1213","1010"
"赛","1212","780"
"初","1208","1129"
"牌","1206","933"
"否","1204","1117"
"试","1202","1024"
"六","1196","1105"
"盟","1194","892"
"记","1193","1079"
"岛","1192","888"
"态","1188","1084"
"软","1180","934"
"這","1178","1004"
"广","1178","1011"
"则","1176","1120"
"形","1173","1056"
"威","1172","1009"
"死","1171","962"
"买","1170","976"
"免","1169","1008"
"益","1168","1053"
"装","1167","915"
"船","1167","699"
"博","1167","884"
"那","1161","1079"
"教","1161","870"
"考","1158","1008"
"容","1156","1019"
"電","1151","589"
"古","1150","811"
"落","1145","1063"
"胀","1145","906"
"什","1143","1008"
"足","1141","1045"
"神","1137","929"
"类","1135","983"
"候","1129","974"
"张","1127","1023"
"土","1122","862"
"居","1118","973"
"仅","1117","1018"
"音","1117","821"
"河","1113","782"
"毒","1112","804"
"迎","1112","1031"
"扩","1106","1043"
"谷","1105","843"
"委","1098","897"
"又","1097","1040"
"见","1097","1043"
"付","1094","919"
"别","1092","1022"
"办","1085","948"
"贸","1083","857"
"图","1078","925"
"极","1078","938"
"纳","1075","927"
"禁","1072","880"
"微","1069","872"
"過","1065","901"
"号","1064","874"
"央","1064","841"
"住","1060","889"
"卫","1059","866"
"東","1055","730"
"學","1053","562"
"林","1052","825"
"激","1052","988"
"维","1052","923"
"露","1050","986"
"資","1045","603"
"冲","1045","943"
"黄","1044","766"
"索","1043","802"
"压","1041","965"
"执","1037","970"
"沙","1037","717"
"班","1036","779"
"必","1033","952"
"监","1033","894"
"岁","1023","828"
"哈","1015","750"
"江","1011","740"
"缺","1009","898"
"精","1003","918"
"晚","1002","880"
"運","999","591"
"退","997","866"
"护","995","845"
"依","993","918"
"間","987","849"
"危","985","879"
"才","982","881"
"産","980","566"
"苏","979","851"
"端","979","825"
"透","978","937"
"染","978","738"
"丰","977","672"
"略","977","897"
"己","973","874"
"達","969","740"
"录","967","873"
"亡","967","838"
"环","966","863"
"歌","966","687"
"纪","964","877"
"曾","963","927"
"雪","961","546"
"暴","961","831"
"缓","960","877"
"故","956","825"
"迪","955","649"
"乐","953","801"
"独","949","858"
"價","947","573"
"味","945","801"
"声","944","839"
"震","944","602"
"习","941","771"
"遭","935","896"
"岸","934","738"
"话","934","833"
"边","933","796"
"医","930","682"
"较","929","880"
"农","927","699"
"像","927","804"
"终","925","878"
"质","925","813"
"抗","923","802"
"检","920","725"
"针","917","848"
"康","917","759"
"段","916","850"
"後","912","778"
"命","907","803"
"街","906","808"
"满","904","809"
"双","900","764"
"數","895","644"
"闻","894","840"
"酒","893","499"
"射","893","595"
"內","890","755"
"族","887","602"
"温","885","748"
"且","879","865"
"群","878","770"
"伊","877","616"
"红","876","690"
"移","871","723"
"龙","869","642"
"伟","867","642"
"留","861","739"
"遇","860","785"
"武","858","660"
"材","858","661"
"澳","857","512"
"验","856","744"
"承","856","793"
"似","855","824"
"她","854","606"
"拿","853","708"
"背","853","800"
"评","851","782"
"占","851","751"
"真","844","776"
"优","842","728"
"链","840","746"
"药","839","507"
"条","837","763"
"债","834","544"
"尽","832","812"
"润","832","618"
"弹","829","676"
"吸","828","765"
"状","826","768"
"爆","826","745"
"延","821","757"
"餐","820","556"
"乎","819","794"
"川","817","570"
"瑞","816","611"
"启","815","770"
"配","815","709"
"忧","815","783"
"旗","815","729"
"野","815","652"
"远","814","713"
"千","814","719"
"區","814","614"
"请","812","706"
"黑","809","694"
"园","808","605"
"總","802","575"
"待","802","769"
"王","799","646"
"午","799","700"
"轻","798","680"
"职","793","671"
"急","793","737"
"實","789","647"
"架","788","662"
"谈","788","687"
"置","787","688"
"却","785","766"
"盛","783","683"
"铁","783","497"
"健","782","658"
"育","780","607"
"松","779","586"
"計","775","622"
"約","773","584"
"云","769","561"
"负","768","705"
"恢","764","690"
"億","762","483"
"從","761","677"
"男","761","609"
"互","760","651"
"亞","760","454"
"爱","748","628"
"送","745","626"
"促","745","715"
"县","743","594"
"判","742","641"
"织","739","679"
"青","737","562"
"轮","737","633"
"吃","733","567"
"追","733","671"
"當","732","635"
"剧","726","668"
"假","726","616"
"库","726","555"
"截","724","703"
"板","723","552"
"挑","723","693"
"冰","723","375"
"涉","723","677"
"華","722","510"
"眼","721","624"
"素","721","656"
"潮","719","622"
"導","719","468"
"兴","718","630"
"盘","715","595"
"哪","713","556"
"义","711","616"
"估","710","649"
"另","710","703"
"座","709","601"
"便","707","632"
"属","705","640"
"诉","703","605"
"務","703","497"
"缩","701","635"
"拜","700","579"
"著","694","643"
"照","694","613"
"纷","690","386"
"暂","689","649"
"遊","688","384"
"烈","686","659"
"封","686","598"
"须","686","633"
"塔","684","553"
"署","683","616"
"充","683","571"
"版","680","582"
"差","680","558"
"滑","680","576"
"呼","678","638"
"申","676","580"
"稳","674","623"
"书","673","546"
"责","671","616"
"幕","668","583"
"疑","668","616"
"夏","665","509"
"输","662","565"
"载","661","554"
"征","660","560"
"束","660","630"
"朝","658","447"
"寻","658","639"
"藏","657","443"
"副","657","602"
"奇","656","599"
"晶","655","460"
"產","653","423"
"损","653","585"
"救","653","503"
"儿","653","517"
"播","647","553"
"灾","647","461"
"汇","646","463"
"邦","644","573"
"避","644","611"
"設","644","470"
"隔","644","562"
"虑","641","625"
"围","641","622"
"夫","638","497"
"點","636","504"
"卖","635","540"
"探","634","536"
"據","633","552"
"預","633","465"
"際","632","497"
"络","632","543"
"干","630","535"
"湖","629","368"
"伤","627","561"
"節","624","391"
"創","622","507"
"員","620","471"
"統","620","465"
"角","620","549"
"症","618","437"
"疗","617","452"
"村","616","424"
"夜","615","513"
"勒","613","495"
"补","612","500"
"援","611","513"
"峰","610","524"
"鱼","609","343"
"鲜","608","438"
"熊","608","312"
"画","605","441"
"們","603","458"
"戏","602","398"
"切","601","568"
"黎","600","456"
"右","598","559"
"害","597","555"
"坦","597","458"
"雨","596","465"
"虽","595","589"
"迷","595","552"
"困","595","564"
"劳","592","488"
"辆","592","458"
"漲","591","344"
"庭","590","491"
"秋","590","392"
"享","590","562"
"签","589","491"
"吗","589","567"
"燃","588","451"
"抵","588","540"
"语","586","414"
"室","586","518"
"左","584","549"
"识","583","530"
"察","582","508"
"层","581","516"
"濟","580","415"
"拍","580","462"
"讨","578","546"
"乘","577","469"
"订","575","438"
"写","568","525"
"續","567","497"
"銷","563","342"
"母","562","470"
"李","560","422"
"愿","558","511"
"逐","554","536"
"久","553","515"
"甚","546","538"
"九","546","429"
"跨","543","457"
"菜","541","292"
"哥","541","443"
"術","540","388"
"善","537","509"
"欢","536","498"
"净","536","431"
"刻","535","484"
"宝","534","383"
"拥","534","517"
"校","534","380"
"陷","534","512"
"舉","532","448"
"纯","531","392"
"绝","531","506"
"按","530","483"
"返","530","470"
"聯","528","375"
"伯","525","459"
"孩","524","403"
"喜","523","474"
"钱","523","425"
"诺","523","476"
"券","521","406"
"摩","520","425"
"馆","520","384"
"八","519","451"
"键","518","502"
"肉","516","330"
"累","516","466"
"阻","516","495"
"麦","516","365"
"找","515","486"
"够","514","495"
"赖","514","459"
"強","514","437"
"努","512","499"
"佳","511","436"
"念","508","425"
"袭","508","444"
"兩","505","402"
"细","505","412"
"志","504","472"
"胜","504","460"
"應","503","429"
"雷","501","417"
"冬","501","388"
"舞","499","357"
"映","496","449"
"馬","495","290"
"序","494","455"
"绩","493","436"
"攻","493","445"
"問","491","406"
"聚","491","434"
"阳","490","377"
"述","488","458"
"脱","487","445"
"脑","486","402"
"減","485","356"
"賽","485","240"
"散","484","432"
"稅","484","239"
"觀","483","399"
"碳","483","318"
"弱","482","461"
"思","481","413"
"迫","479","463"
"七","478","425"
"尚","477","445"
"倒","477","436"
"择","476","447"
"异","476","421"
"亲","475","406"
"诊","474","390"
"傳","473","369"
"杯","473","330"
"帮","469","440"
"闭","469","425"
"網","468","362"
"若","468","437"
"額","467","336"
"患","467","378"
"讯","464","383"
"距","462","423"
"牛","462","310"
"典","462","379"
"庆","461","367"
"贴","460","356"
"饮","460","364"
"届","460","416"
"跟","458","425"
"刚","457","317"
"跳","455","388"
"翻","455","403"
"趋","455","444"
"审","455","399"
"修","453","402"
"貨","453","292"
"宽","452","418"
"混","452","395"
"迅","448","425"
"坚","448","417"
"范","447","430"
"招","447","378"
"爾","445","303"
"飛","444","229"
"浪","444","390"
"丹","444","363"
"風","443","372"
"驻","442","398"
"捕","440","368"
"恐","439","375"
"疆","439","313"
"亮","439","390"
"還","439","414"
"佛","436","349"
"製","436","326"
"伴","436","407"
"彩","435","349"
"顾","435","410"
"木","434","322"
"换","434","396"
"振","434","413"
"剂","433","329"
"塞","433","335"
"派","432","386"
"驶","431","319"
"胁","431","409"
"码","430","347"
"劲","428","411"
"調","428","332"
"私","427","381"
"适","427","400"
"薪","426","302"
"萨","424","335"
"曼","423","344"
"惊","422","399"
"鐵","422","188"
"障","422","392"
"蒙","421","341"
"童","421","347"
"含","420","394"
"領","419","343"
"祝","418","360"
"訪","417","324"
"逊","415","328"
"莫","415","374"
"宫","414","339"
"秘","414","356"
"附","414","395"
"堂","414","314"
"迹","413","394"
"贷","413","316"
"跑","411","322"
"氣","411","289"
"革","411","357"
"團","410","320"
"伦","409","366"
"漫","408","324"
"雄","407","369"
"稱","406","373"
"阶","405","372"
"昨","402","379"
"逾","401","379"
"吁","400","391"
"犯","399","342"
"逆","399","325"
"侵","398","355"
"歷","396","349"
"释","396","353"
"摄","396","314"
"歐","394","236"
"良","394","348"
"借","393","379"
"顿","392","361"
"宜","392","341"
"號","391","240"
"遗","390","293"
"牙","390","299"
"連","389","337"
"夺","389","356"
"門","389","276"
"读","388","347"
"咖","388","214"
"猫","386","203"
"選","385","275"
"卷","384","348"
"驾","382","282"
"末","382","359"
"戰","381","303"
"組","381","284"
"墨","381","281"
"奖","381","269"
"介","380","368"
"怎","380","360"
"認","378","347"
"圆","378","286"
"罪","378","306"
"董","378","313"
"听","377","313"
"血","377","303"
"养","377","293"
"恶","376","359"
"幣","373","231"
"余","372","338"
"廣","372","260"
"種","371","305"
"违","371","328"
"森","371","305"
"穿","371","316"
"顶","370","339"
"套","370","309"
"戴","370","299"
"草","369","275"
"費","369","255"
"纽","368","324"
"汉","368","279"
"潜","367","335"
"觉","366","334"
"記","366","295"
"楼","366","275"
"永","365","305"
"宗","365","289"
"础","365","352"
"籍","365","292"
"尤","364","357"
"視","364","297"
"敦","364","328"
"衰","363","320"
"蛋","363","211"
"無","361","293"
"搭","361","330"
"误","360","323"
"固","360","305"
"玩","360","302"
"搜","358","300"
"泛","358","348"
"撤","357","318"
"備","356","279"
"召","355","330"
"啡","355","192"
"並","352","330"
"允","351","333"
"標","351","297"
"笔","349","304"
"鸡","349","200"
"归","348","324"
"雅","348","287"
"該","347","316"
"艘","346","276"
"隊","346","238"
"伙","346","320"
"繁","346","322"
"膨","345","322"
"授","345","321"
"触","343","314"
"瓦","343","275"
"锁","343","318"
"尖","343","300"
"茶","342","164"
"冷","342","297"
"植","342","269"
"單","340","247"
"規","340","265"
"豐","339","219"
"樣","337","292"
"靠","337","323"
"奧","337","194"
"晨","336","316"
"營","335","249"
"迟","335","289"
"仁","333","270"
"變","333","285"
"荷","333","256"
"洛","333","260"
"報","332","257"
"耳","331","240"
"飙","331","326"
"桥","331","224"
"贵","330","289"
"杂","330","310"
"乱","330","316"
"液","330","251"
"简","327","308"
"盈","327","279"
"線","327","238"
"答","327","297"
"渐","327","296"
"败","326","306"
"赴","326","287"
"議","326","229"
"矿","326","204"
"陈","325","292"
"坏","325","313"
"株","325","257"
"舟","325","200"
"轉","324","266"
"休","324","271"
"滿","324","248"
"顯","323","298"
"論","323","254"
"掌","323","309"
"題","322","272"
"習","322","194"
"虎","322","176"
"粉","320","252"
"帶","319","264"
"艺","318","251"
"拟","318","281"
"焦","318","306"
"顺","317","293"
"購","317","217"
"箱","317","234"
"龍","317","184"
"树","316","222"
"埃","315","253"
"宇","315","252"
"勢","314","270"
"刺","314","288"
"呈","313","303"
"兑","313","220"
"專","312","265"
"縣","312","238"
"弃","312","288"
"級","312","253"
"托","311","263"
"绿","310","258"
"處","309","262"
"姆","309","251"
"衣","309","216"
"枪","309","211"
"決","308","244"
"黃","308","199"
"頭","308","272"
"错","307","275"
"鲁","307","247"
"厅","307","268"
"折","307","272"
"隐","306","286"
"炸","305","256"
"榜","304","249"
"贝","304","242"
"圣","304","250"
"替","303","281"
"載","302","206"
"梅","302","222"
"辉","302","270"
"嫌","300","266"
"廠","300","215"
"參","300","249"
"屋","299","225"
"赢","299","290"
"凌","298","271"
"眾","297","251"
"癌","296","141"
"洪","296","238"
"軍","294","205"
"箭","294","199"
"贬","294","215"
"畫","294","201"
"暖","293","260"
"削","293","278"
"兵","293","237"
"缘","293","276"
"操","293","255"
"丽","293","239"
"挥","292","271"
"守","291","273"
"课","291","257"
"摘","291","286"
"館","290","180"
"見","289","241"
"韓","289","143"
"採","289","253"
"酸","289","223"
"慢","289","252"
"幸","287","252"
"舰","286","220"
"栏","286","281"
"讲","285","258"
"結","285","244"
"衡","285","265"
"爭","284","248"
"驗","284","219"
"粮","283","198"
"宅","282","212"
"佩","281","226"
"測","280","199"
"押","279","262"
"吨","277","214"
"趣","276","262"
"钟","276","238"
"苦","276","246"
"盖","276","239"
"沉","276","248"
"稀","275","186"
"巡","275","219"
"疾","275","242"
"硬","275","242"
"胡","274","232"
"獲","273","224"
"鼓","273","246"
"坐","272","248"
"曲","272","216"
"悉","272","267"
"钢","272","176"
"陸","271","191"
"竟","271","268"
"肯","271","244"
"響","271","245"
"礼","271","217"
"豪","270","234"
"宁","270","227"
"婚","270","166"
"丝","270","218"
"秀","269","239"
"途","269","256"
"雙","269","215"
"屆","269","216"
"恩","269","227"
"裝","268","204"
"魅","267","255"
"罕","267","253"
"樂","266","194"
"般","266","265"
"租","266","178"
"辦","266","217"
"蓝","265","222"
"罚","265","222"
"练","264","232"
"買","264","189"
"杜","264","207"
"園","263","178"
"杀","263","242"
"腾","262","208"
"遍","262","255"
"唱","262","205"
"糖","262","164"
"義","261","186"
"戎","261","218"
"筑","260","219"
"梦","260","218"
"训","259","228"
"撞","259","225"
"項","259","203"
"呢","259","248"
"紅","258","181"
"斗","258","233"
"绕","258","249"
"愛","258","190"
"旧","258","241"
"兼","257","246"
"培","257","226"
"極","256","202"
"硅","256","203"
"厚","256","241"
"泡","256","184"
"甲","255","193"
"予","255","247"
"珠","255","183"
"朋","255","229"
"罩","254","185"
"熱","252","228"
"劃","252","212"
"锂","252","150"
"皮","251","196"
"態","250","207"
"隆","250","212"
"遺","250","153"
"讓","249","231"
"锡","248","204"
"摆","247","239"
"旦","247","226"
"踪","245","220"
"構","245","208"
"概","245","224"
"擴","245","213"
"乡","245","195"
"饭","244","167"
"貿","244","155"
"羅","244","153"
"邊","243","186"
"某","243","229"
"默","243","195"
"莱","242","221"
"復","242","191"
"圈","241","210"
"镇","241","203"
"毛","241","197"
"吒","241","118"
"乏","240","234"
"剩","240","216"
"慶","240","156"
"圳","240","186"
"佔","239","213"
"慧","239","216"
"烧","239","199"
"床","239","185"
"塑","238","178"
"僅","238","222"
"氧","238","176"
"甸","237","149"
"刷","237","202"
"泳","236","117"
"衛","235","120"
"章","235","203"
"父","235","200"
"疲","234","226"
"励","234","211"
"覆","233","221"
"镜","233","189"
"符","233","222"
"沃","233","184"
"質","232","177"
"惠","231","206"
"話","231","186"
"胞","231","156"
"藝","230","156"
"伏","230","162"
"龄","230","191"
"雲","230","151"
"銀","230","148"
"荣","230","211"
"秒","229","207"
"碍","229","221"
"骗","228","153"
"握","228","223"
"聘","228","188"
"垄","227","194"
"旨","227","227"
"護","227","178"
"披","227","208"
"迈","227","216"
"佈","226","203"
"抢","226","214"
"熟","226","211"
"扰","225","218"
"類","225","169"
"缅","225","134"
"档","225","183"
"榴","225","118"
"匯","224","154"
"综","224","214"
"编","224","195"
"權","224","138"
"词","223","189"
"督","223","212"
"废","223","179"
"唯","223","220"
"拒","223","214"
"祖","222","176"
"荡","221","210"
"玉","221","178"
"隨","221","215"
"哲","221","169"
"奶","220","119"
"較","220","200"
"耗","220","193"
"別","220","204"
"骨","220","165"
"競","219","187"
"津","219","171"
"環","218","180"
"沒","218","206"
"扎","218","191"
"雇","218","195"
"猛","218","212"
"鸿","218","173"
"蛇","218","136"
"块","217","194"
"歲","217","176"
"旬","216","201"
"豆","215","145"
"裂","215","198"
"醒","214","207"
"洗","214","170"
"跃","213","201"
"裡","212","188"
"啟","212","194"
"積","212","184"
"獨","212","183"
"暗","212","204"
"狂","211","197"
"痛","211","179"
"诈","211","160"
"優","211","181"
"麻","211","151"
"恒","211","143"
"筹","211","195"
"诞","211","177"
"準","210","181"
"毅","210","158"
"聞","209","193"
"吧","209","202"
"驱","208","200"
"渔","208","148"
"涌","208","198"
"談","207","159"
"挫","207","203"
"拖","206","200"
"赶","206","201"
"紀","206","158"
"拓","206","187"
"绪","205","196"
"怀","205","196"
"郑","205","154"
"證","205","164"
"淡","204","181"
"斷","204","188"
"葡","204","136"
"農","203","128"
"绍","203","196"
"試","203","139"
"蓄","202","153"
"轨","202","175"
"洞","202","147"
"耐","201","170"
"拆","201","152"
"烟","201","139"
"屏","200","162"
"灵","200","181"
"讼","200","169"
"刑","199","164"
"郭","199","155"
"維","198","156"
"愈","198","150"
"偏","198","184"
"亏","197","162"
"難","197","164"
"井","197","148"
"卢","197","153"
"灣","197","134"
"財","196","139"
"抓","196","180"
"逃","196","183"
"邀","196","189"
"揭","196","188"
"俗","196","172"
"說","195","174"
"慎","194","187"
"萌","194","170"
"纸","193","142"
"邮","193","142"
"阵","193","167"
"錄","193","158"
"圖","192","153"
"興","192","146"
"萄","192","129"
"脚","191","176"
"毁","191","183"
"浮","191","170"
"丁","190","171"
"掉","190","179"
"添","190","175"
"滞","190","182"
"槟","190","121"
"菱","190","138"
"沿","190","182"
"攀","189","181"
"抛","189","182"
"账","188","159"
"尹","188","141"
"尾","187","165"
"寶","187","121"
"魚","187","84"
"宏","187","174"
"框","186","157"
"尝","186","172"
"柯","186","140"
"蒂","186","163"
"勋","185","149"
"寒","185","153"
"悦","185","153"
"凸","185","183"
"赏","185","149"
"妈","185","74"
"阪","184","120"
"娃","184","150"
"輛","183","123"
"岩","183","141"
"宙","183","144"
"谁","182","172"
"崛","182","175"
"島","182","131"
"協","182","149"
"夕","182","174"
"寿","182","120"
"忙","181","171"
"虚","181","156"
"灯","181","132"
"烏","181","102"
"張","181","144"
"廷","181","135"
"辞","181","157"
"氏","181","155"
"齐","179","153"
"耶","179","157"
"览","179","152"
"堆","179","129"
"麼","178","157"
"歧","178","166"
"鲍","178","146"
"煤","178","117"
"彭","178","162"
"寨","178","121"
"污","177","147"
"鸟","177","114"
"径","177","166"
"仪","177","157"
"喷","177","131"
"陽","177","127"
"語","176","136"
"猴","176","93"
"怕","176","164"
"叫","176","166"
"梿","176","90"
"糕","175","146"
"桑","175","142"
"扣","175","143"
"询","175","163"
"坛","175","153"
"魔","175","147"
"確","174","163"
"芝","174","110"
"柔","173","142"
"潤","173","99"
"毫","173","153"
"浙","173","146"
"繼","172","162"
"泽","172","149"
"抑","172","162"
"肥","172","127"
"宿","172","139"
"阅","171","148"
"蘭","171","123"
"書","171","134"
"遠","170","148"
"嘉","170","135"
"氢","170","85"
"旺","169","141"
"裔","169","128"
"脸","168","153"
"铜","168","105"
"番","168","147"
"奔","168","149"
"既","167","164"
"毕","167","122"
"枚","167","141"
"渡","167","142"
"挺","167","161"
"滨","166","110"
"給","165","155"
"圍","165","158"
"灭","165","146"
"條","165","139"
"阴","165","157"
"逼","165","159"
"聲","164","142"
"則","164","149"
"遏","164","161"
"玛","164","131"
"滴","164","71"
"拼","163","143"
"莲","163","108"
"偉","163","95"
"況","163","158"
"械","163","137"
"谢","163","134"
"仿","163","150"
"忘","163","150"
"昌","163","140"
"抱","162","151"
"偿","162","146"
"伐","162","153"
"係","162","125"
"撑","162","157"
"斤","162","114"
"崩","161","151"
"黨","161","89"
"薩","161","108"
"凯","160","144"
"赞","160","148"
"罢","160","111"
"珍","159","138"
"篇","159","145"
"歡","159","136"
"麗","159","120"
"茨","159","129"
"芬","158","121"
"堡","157","131"
"祥","157","120"
"韦","157","140"
"聊","156","132"
"藥","156","68"
"摇","156","141"
"杭","156","117"
"扬","156","146"
"織","156","120"
"甘","155","134"
"敏","155","149"
"圓","155","118"
"離","154","131"
"駐","154","110"
"裕","154","139"
"橋","154","79"
"姿","153","135"
"谨","153","150"
"静","153","143"
"迄","153","150"
"鉴","153","152"
"浓","153","130"
"舱","153","111"
"鞋","152","86"
"稻","152","95"
"汤","152","98"
"師","151","114"
"笑","151","130"
"赚","151","134"
"寧","151","118"
"鋼","150","90"
"鄉","150","116"
"献","150","138"
"巧","150","122"
"徵","150","107"
"兆","150","115"
"臨","150","138"
"貓","149","74"
"瓜","149","93"
"輪","149","104"
"冒","149","132"
"羊","149","105"
"泉","149","114"
"負","148","131"
"戶","148","112"
"險","148","126"
"厦","148","111"
"炎","148","123"
"奈","148","116"
"孙","148","111"
"喝","147","119"
"掀","147","146"
"峻","146","144"
"羽","146","113"
"贩","146","121"
"庫","146","105"
"勃","146","107"
"倾","145","139"
"擔","145","127"
"敌","145","138"
"刊","145","138"
"擊","145","117"
"擎","145","123"
"沫","145","115"
"戒","145","130"
"艾","145","114"
"酷","145","127"
"頻","144","129"
"霸","144","132"
"挖","144","112"
"汗","144","104"
"蔓","144","141"
"坠","143","127"
"許","143","121"
"塌","142","120"
"峡","142","125"
"勇","142","129"
"簽","142","93"
"凭","142","135"
"輸","142","95"
"携","142","139"
"募","141","123"
"逮","140","129"
"醫","140","77"
"杰","140","129"
"址","140","108"
"礁","140","93"
"诗","139","110"
"铺","139","132"
"谋","139","122"
"壁","139","127"
"劇","139","114"
"桃","139","103"
"軟","139","92"
"評","139","127"
"幻","139","122"
"壇","139","101"
"邻","139","128"
"叶","139","120"
"仙","139","115"
"桶","138","108"
"寸","138","111"
"漏","138","116"
"欣","138","127"
"執","138","107"
"帕","138","120"
"甜","138","106"
"句","137","128"
"杨","137","121"
"冻","137","121"
"睡","136","94"
"忠","136","112"
"誉","136","130"
"帝","136","106"
"酬","136","104"
"妙","136","128"
"踏","136","128"
"迁","136","119"
"洁","136","118"
"捐","136","109"
"扫","136","117"
"奢","136","110"
"貶","135","99"
"廉","135","126"
"描","135","126"
"猪","135","87"
"贺","135","118"
"乒","135","93"
"陶","134","97"
"页","134","109"
"氛","134","130"
"宛","134","104"
"仓","134","112"
"饼","134","82"
"蘋","133","69"
"递","133","107"
"昂","133","127"
"泄","133","117"
"宴","133","110"
"刀","133","95"
"孟","133","90"
"撼","132","125"
"終","132","119"
"盤","132","101"
"狗","132","75"
"循","132","120"
"兒","132","101"
"暑","132","89"
"刘","131","120"
"徽","131","93"
"漢","131","79"
"凈","131","91"
"挂","131","120"
"佐","131","107"
"蒸","130","110"
"拔","130","113"
"殖","129","88"
"喀","128","94"
"竹","128","97"
"贡","128","115"
"壮","128","115"
"溫","127","103"
"啦","127","108"
"舆","127","120"
"胎","127","81"
"幼","127","101"
"楚","127","116"
"沟","127","116"
"納","127","92"
"御","127","114"
"撒","126","114"
"瓶","126","108"
"详","126","124"
"艰","126","125"
"輕","126","109"
"堅","125","112"
"尺","125","114"
"夢","125","90"
"萎","124","119"
"賓","124","86"
"菌","124","80"
"诚","124","110"
"炭","124","85"
"赔","124","98"
"辛","123","106"
"殊","123","121"
"鏈","123","88"
"針","123","107"
"敢","123","110"
"層","123","92"
"岗","123","110"
"桌","122","114"
"艇","122","88"
"蔡","122","108"
"梁","122","102"
"铭","122","96"
"袖","122","116"
"奪","122","98"
"杉","122","91"
"旋","122","107"
"柬","122","84"
"埔","122","88"
"阁","122","110"
"妇","121","104"
"嚴","121","99"
"闹","121","114"
"腐","121","96"
"弗","121","106"
"穩","121","112"
"屬","121","111"
"寺","121","78"
"順","121","109"
"遵","120","119"
"漠","120","78"
"惕","120","118"
"庄","120","107"
"貴","120","84"
"銅","120","59"
"浅","120","107"
"唐","120","103"
"残","119","102"
"儲","119","75"
"颗","119","101"
"谓","119","118"
"惯","119","116"
"蘇","119","88"
"锦","119","100"
"秦","119","76"
"疏","118","110"
"緩","118","98"
"斥","118","115"
"壓","118","100"
"崎","118","86"
"饰","118","98"
"勝","118","103"
"扭","117","112"
"祭","117","93"
"叠","117","102"
"戲","117","76"
"晤","116","105"
"糟","116","110"
"堵","116","108"
"請","116","101"
"紐","116","90"
"插","116","94"
"説","115","106"
"郎","115","94"
"炒","115","94"
"賞","115","95"
"炮","115","97"
"潘","115","97"
"乓","115","83"
"译","114","87"
"昆","114","90"
"捷","114","92"
"瞬","114","108"
"瞄","114","112"
"肖","114","84"
"藤","113","97"
"彼","113","106"
"補","113","79"
"燈","113","60"
"紛","113","63"
"稿","113","104"
"泊","113","90"
"锋","113","101"
"偶","113","104"
"徒","112","98"
"横","112","101"
"尊","112","107"
"磁","112","68"
"奏","112","103"
"檢","112","75"
"樹","112","80"
"侯","112","87"
"胶","112","78"
"琉","112","41"
"琼","111","108"
"講","111","90"
"侈","111","86"
"穆","111","94"
"餘","110","91"
"册","110","96"
"瓷","110","69"
"遥","110","85"
"縮","109","98"
"棕","109","69"
"契","109","103"
"皇","109","88"
"碎","109","94"
"姓","109","91"
"诸","109","107"
"晋","109","96"
"耀","109","99"
"辅","108","100"
"爸","108","56"
"娱","108","101"
"碰","108","101"
"娜","108","94"
"蚁","108","69"
"宪","108","87"
"痘","108","62"
"炉","108","101"
"懂","107","97"
"樱","107","53"
"堪","107","105"
"拘","107","102"
"誓","107","101"
"吴","107","91"
"芒","107","69"
"擦","106","102"
"緊","106","93"
"赫","106","93"
"伍","106","95"
"霍","106","97"
"滩","106","96"
"綠","106","74"
"狮","106","79"
"辑","105","91"
"茂","105","89"
"孔","105","74"
"莎","105","86"
"棒","105","83"
"旱","105","93"
"鎮","105","86"
"畅","104","99"
"勤","104","91"
"寄","104","93"
"柏","104","96"
"皆","104","100"
"荒","103","93"
"扇","103","64"
"猜","103","89"
"盾","103","84"
"賣","103","88"
"雕","103","71"
"紫","102","86"
"妆","102","70"
"桂","102","83"
"蔬","102","68"
"薄","102","82"
"垃","102","75"
"狀","101","94"
"欺","101","86"
"驳","101","100"
"贫","101","88"
"鹿","101","70"
"厘","101","80"
"敲","101","100"
"圾","101","74"
"厉","100","98"
"嫩","100","72"
"願","100","89"
"奋","100","96"
"碑","100","94"
"噸","100","77"
"宮","100","70"
"袋","100","78"
"妻","99","77"
"扮","99","96"
"丧","99","99"
"膜","99","65"
"脏","99","87"
"墙","99","83"
"抖","99","87"
"獎","99","56"
"肆","99","98"
"嗎","98","91"
"貝","98","69"
"辩","98","91"
"曝","98","90"
"溪","98","83"
"豹","98","52"
"喊","98","93"
"週","97","76"
"忌","97","57"
"犹","97","86"
"晓","97","90"
"亦","97","91"
"烤","97","65"
"雾","97","77"
"債","96","53"
"驚","96","91"
"識","96","88"
"陵","96","70"
"艳","96","89"
"赵","96","83"
"蚂","96","63"
"炼","96","81"
"宠","96","79"
"劣","96","94"
"挤","96","94"
"窗","95","77"
"棉","95","68"
"貼","95","62"
"骑","95","73"
"績","95","88"
"換","95","82"
"悲","95","87"
"腊","95","68"
"討","94","85"
"柱","94","87"
"魯","94","62"
"範","94","87"
"翼","94","72"
"戈","94","79"
"弥","94","88"
"駛","94","61"
"覽","94","76"
"鳥","94","45"
"悟","93","70"
"訂","93","63"
"攝","93","77"
"礎","93","87"
"倡","93","82"
"婴","93","66"
"辣","93","72"
"慕","93","81"
"舍","93","76"
"頂","92","79"
"盒","92","72"
"闪","92","72"
"庞","92","92"
"铝","92","58"
"侧","92","83"
"酿","92","78"
"責","92","85"
"泥","92","78"
"碗","92","77"
"抽","91","78"
"寓","91","80"
"怪","91","83"
"養","91","58"
"忆","91","85"
"厨","91","71"
"篮","91","60"
"逢","91","89"
"濱","91","58"
"串","91","81"
"聽","91","75"
"梯","91","59"
"詩","91","52"
"凡","91","81"
"歉","91","86"
"悠","91","72"
"搞","91","86"
"凤","91","72"
"吐","90","82"
"尿","90","59"
"親","90","76"
"棋","90","51"
"您","90","78"
"怒","90","88"
"盐","90","62"
"翁","90","84"
"玻","90","67"
"宋","90","76"
"鼠","90","52"
"滥","90","86"
"琴","90","59"
"滚","90","58"
"軌","90","58"
"儀","90","73"
"逻","89","80"
"碧","89","78"
"純","89","80"
"幾","89","84"
"隻","89","65"
"蟹","89","38"
"鹏","89","71"
"彻","88","85"
"腦","88","71"
"赌","88","68"
"窃","88","70"
"浸","88","82"
"損","88","66"
"浦","88","75"
"壤","88","66"
"锅","88","67"
"涵","87","83"
"虫","87","54"
"颜","87","81"
"咨","87","81"
"叙","87","67"
"淘","87","80"
"梨","87","55"
"溢","87","80"
"宵","87","57"
"吹","87","80"
"悬","86","73"
"乃","86","83"
"绳","86","60"
"娘","86","60"
"偷","86","65"
"啸","85","69"
"肃","85","73"
"脆","85","84"
"郊","85","77"
"轰","85","75"
"仔","85","75"
"趨","85","80"
"弟","85","70"
"灰","85","72"
"朱","85","70"
"娥","85","53"
"壯","85","69"
"填","84","76"
"伸","84","78"
"徐","84","65"
"壳","84","67"
"蔚","84","63"
"搬","84","70"
"職","83","69"
"割","83","70"
"啤","83","47"
"牵","83","83"
"侠","83","63"
"钦","83","56"
"麟","83","52"
"虐","83","83"
"颠","82","79"
"肺","82","64"
"谴","82","77"
"舒","82","79"
"靈","82","67"
"怖","82","73"
"兌","82","56"
"葉","82","67"
"趟","82","74"
"斑","82","68"
"庙","82","53"
"赠","82","68"
"尋","81","74"
"蜜","81","59"
"旭","81","64"
"砖","81","50"
"絲","81","60"
"铃","81","55"
"捧","80","77"
"霞","80","55"
"細","80","63"
"裹","80","72"
"钩","80","73"
"璃","80","61"
"豁","80","68"
"剑","80","60"
"绘","79","64"
"兹","79","69"
"擁","79","77"
"敬","79","75"
"臺","79","60"
"牧","79","52"
"瑰","79","49"
"疯","79","77"
"樓","79","54"
"柴","79","60"
"催","79","70"
"颈","79","70"
"峇","79","60"
"鬆","78","65"
"艦","78","36"
"階","78","66"
"秩","78","73"
"舶","78","67"
"拳","78","63"
"貌","78","69"
"纠","78","71"
"薯","78","45"
"孤","78","67"
"冈","78","67"
"齊","77","67"
"纤","77","46"
"忽","77","71"
"尘","77","59"
"嫦","77","46"
"勞","76","57"
"渠","76","70"
"乙","76","60"
"寬","76","66"
"履","76","75"
"瀑","76","35"
"練","76","61"
"浩","76","63"
"乔","76","62"
"寫","76","67"
"卸","76","65"
"窄","76","71"
"谍","76","69"
"赤","76","71"
"媽","76","28"
"磋","75","64"
"漂","75","69"
"悄","75","53"
"禮","75","60"
"烦","75","71"
"陪","75","67"
"絕","75","69"
"旁","75","74"
"歸","75","63"
"搁","75","70"
"妥","74","71"
"欲","74","70"
"紹","74","70"
"驰","74","63"
"杆","74","68"
"韧","74","74"
"柳","74","53"
"瑟","74","54"
"脉","74","65"
"憂","74","66"
"逝","74","71"
"惨","74","72"
"卓","74","66"
"鲸","74","35"
"眠","73","48"
"療","73","49"
"帖","73","60"
"雖","73","73"
"辰","73","67"
"盆","73","51"
"锐","73","71"
"挡","73","70"
"駕","73","46"
"姐","72","57"
"溃","72","70"
"廳","72","61"
"遣","72","68"
"傷","72","50"
"廊","72","59"
"爬","71","59"
"笼","71","66"
"巩","71","70"
"惜","71","68"
"侗","71","30"
"藍","71","58"
"矛","71","68"
"亨","71","62"
"麥","71","48"
"腿","71","56"
"珊","71","43"
"鄭","71","43"
"讀","70","56"
"倫","70","57"
"狱","70","58"
"裏","70","63"
"粒","70","53"
"獻","70","65"
"漸","70","62"
"壽","70","37"
"夷","70","55"
"挪","70","58"
"矶","70","55"
"役","69","64"
"盗","69","57"
"忍","69","67"
"郁","69","53"
"恰","69","57"
"監","69","58"
"乳","69","52"
"嚮","69","62"
"訴","69","47"
"浏","68","58"
"慮","68","65"
"錶","68","56"
"砂","68","52"
"鏡","68","49"
"郵","68","32"
"骚","67","60"
"叹","67","66"
"掘","67","59"
"騰","67","49"
"蓬","67","66"
"栋","67","59"
"拨","67","58"
"捉","67","64"
"賴","67","52"
"燕","67","48"
"胖","67","53"
"躍","67","62"
"崇","67","60"
"兽","66","55"
"剥","66","62"
"枝","66","63"
"錦","66","44"
"芳","66","55"
"摊","66","56"
"祈","66","58"
"絡","66","55"
"卻","66","64"
"築","66","49"
"覺","66","59"
"違","66","48"
"氨","66","30"
"荐","65","63"
"侦","65","61"
"繞","65","64"
"烂","65","56"
"盎","65","59"
"譽","65","57"
"鹅","65","45"
"濃","65","54"
"塘","65","47"
"諾","65","52"
"町","65","56"
"慌","65","62"
"仰","65","58"
"飲","64","47"
"槽","64","60"
"滋","64","58"
"禽","64","47"
"穷","64","61"
"陕","64","58"
"捞","64","48"
"匹","64","58"
"適","64","58"
"怨","64","59"
"骤","64","64"
"莉","64","48"
"兔","64","46"
"贯","64","56"
"玫","64","34"
"衝","63","53"
"颇","63","61"
"晰","63","59"
"朵","63","55"
"腹","63","57"
"災","63","40"
"鮮","63","52"
"钻","63","50"
"丢","63","60"
"绑","63","59"
"脂","63","49"
"煌","63","50"
"腰","62","53"
"纵","62","60"
"虹","62","53"
"灼","62","57"
"闲","62","57"
"併","62","57"
"異","62","52"
"綜","62","55"
"匈","62","39"
"稍","62","58"
"涂","62","47"
"雜","62","48"
"鬼","62","49"
"誌","62","58"
"隧","61","41"
"勁","61","59"
"溯","61","58"
"睐","61","60"
"汰","61","58"
"虾","61","45"
"闯","61","56"
"訓","61","44"
"蹈","61","55"
"爷","61","31"
"翰","61","54"
"橡","61","38"
"谱","61","52"
"雀","60","44"
"櫻","60","19"
"孕","60","45"
"啊","60","57"
"践","60","56"
"盡","60","55"
"魏","60","56"
"辈","60","55"
"澄","60","55"
"镍","60","46"
"垒","59","57"
"耕","59","48"
"孫","59","39"
"緣","59","51"
"掩","59","54"
"彈","59","53"
"瞩","59","59"
"凝","59","55"
"錢","59","41"
"淳","59","56"
"饲","59","52"
"盼","59","56"
"肩","59","51"
"踢","58","53"
"祸","58","54"
"缴","58","49"
"抹","58","56"
"鍵","58","57"
"诱","58","57"
"鬧","58","50"
"俱","58","54"
"沈","58","47"
"颖","58","52"
"麒","58","33"
"肠","58","42"
"螺","58","40"
"淹","58","56"
"筛","58","52"
"聖","58","41"
"罐","58","47"
"栩","58","27"
"函","57","52"
"揮","57","52"
"贪","57","47"
"彰","57","56"
"擅","57","56"
"萧","57","52"
"坊","57","52"
"卿","57","56"
"泼","57","37"
"丘","57","42"
"觸","57","51"
"惩","57","54"
"兄","57","52"
"勿","57","55"
"屿","57","52"
"丸","57","50"
"踩","57","53"
"臣","57","53"
"槛","57","57"
"陳","56","43"
"脫","56","48"
"胆","56","46"
"酱","56","39"
"葬","56","39"
"趁","56","55"
"拋","56","44"
"悅","56","39"
"磨","56","52"
"飾","56","37"
"卜","56","42"
"吊","56","46"
"韻","56","54"
"粗","56","51"
"憶","56","41"
"錯","56","43"
"酋","56","48"
"佣","55","48"
"肌","55","49"
"轴","55","40"
"跡","55","42"
"坍","55","49"
"丨","55","55"
"暨","55","53"
"眉","55","50"
"俊","55","53"
"歇","55","49"
"辟","55","54"
"剪","55","42"
"赋","55","53"
"腳","55","48"
"顧","55","49"
"惟","55","41"
"岳","55","35"
"妹","55","43"
"漁","55","30"
"豚","55","32"
"煙","55","38"
"椒","54","34"
"妮","54","42"
"崽","54","32"
"礦","54","32"
"悼","54","48"
"抬","54","53"
"坎","54","44"
"涯","54","50"
"紙","54","33"
"臂","54","49"
"阔","54","53"
"傅","54","46"
"欽","54","34"
"吓","53","49"
"摸","53","50"
"吞","53","48"
"鹰","53","46"
"峽","53","33"
"鸣","53","49"
"姑","53","44"
"幹","53","46"
"夠","53","51"
"饱","53","50"
"簡","53","42"
"睛","53","49"
"帆","53","47"
"扶","53","53"
"茅","53","33"
"躺","53","40"
"賀","53","43"
"鐘","52","46"
"夹","52","50"
"貢","52","46"
"屡","52","44"
"呆","52","49"
"逛","52","45"
"編","52","41"
"栓","52","46"
"湿","52","40"
"殺","52","32"
"錫","52","30"
"齡","51","43"
"頓","51","38"
"埋","51","48"
"柜","51","45"
"碼","51","42"
"罹","51","49"
"墓","51","36"
"扑","51","47"
"牢","51","46"
"躲","51","44"
"聪","51","46"
"鋁","51","22"
"憾","51","50"
"贾","51","49"
"暫","51","47"
"奉","51","44"
"劾","51","43"
"撐","50","49"
"咏","50","49"
"颁","50","46"
"删","50","48"
"洽","50","48"
"拯","50","47"
"欠","50","43"
"鴻","50","27"
"仲","50","34"
"伪","50","46"
"剛","50","34"
"蓋","50","45"
"擇","50","46"
"粽","50","21"
"酵","49","46"
"囊","49","41"
"糧","49","25"
"挽","49","47"
"愤","49","49"
"逸","49","44"
"仇","49","44"
"垂","49","45"
"纹","49","34"
"弈","49","46"
"襲","49","40"
"鍋","49","21"
"屠","49","36"
"飯","49","34"
"蓮","49","25"
"窟","49","22"
"謂","49","41"
"課","48","39"
"擺","48","43"
"嫁","48","43"
"傍","48","47"
"盲","48","38"
"坪","48","40"
"莓","48","24"
"拦","48","44"
"甦","48","46"
"爽","48","43"
"帐","48","42"
"脈","48","28"
"君","48","41"
"莊","48","36"
"帅","48","40"
"捍","47","45"
"搶","47","39"
"绽","47","44"
"衅","47","41"
"蜂","47","35"
"哀","47","42"
"昭","47","39"
"審","47","41"
"磅","47","44"
"煮","47","38"
"夸","47","44"
"麵","47","17"
"饺","47","20"
"抨","46","45"
"硕","46","44"
"瞰","46","40"
"畔","46","39"
"蝶","46","23"
"劉","46","37"
"榮","46","41"
"繪","46","39"
"飘","46","43"
"鼻","46","36"
"谐","46","45"
"讽","46","44"
"肤","46","37"
"帷","45","45"
"璀","45","37"
"璨","45","37"
"镑","45","35"
"凶","45","38"
"渴","45","44"
"訊","45","41"
"慰","45","44"
"翅","45","31"
"繫","45","36"
"葱","45","26"
"拾","45","42"
"粹","45","43"
"遞","45","29"
"烹","45","36"
"簿","45","40"
"橫","44","40"
"涛","44","43"
"啥","44","40"
"誼","44","34"
"痕","44","41"
"裤","44","36"
"僵","44","42"
"醉","44","42"
"曆","44","42"
"汪","44","34"
"钴","44","30"
"赐","44","40"
"镓","44","30"
"緬","44","23"
"吾","43","39"
"椰","43","27"
"枢","43","40"
"釋","43","37"
"慈","43","40"
"夥","43","39"
"嘴","43","37"
"跻","43","43"
"轿","43","40"
"鋰","43","26"
"晴","43","39"
"惡","43","42"
"殿","43","35"
"奠","43","43"
"粤","43","33"
"劍","43","33"
"瑚","43","26"
"磚","42","20"
"岭","42","36"
"蕾","42","39"
"芽","42","35"
"萊","42","32"
"霜","42","38"
"閉","42","32"
"勾","42","42"
"輝","42","41"
"淋","42","32"
"剔","42","41"
"斋","42","33"
"缆","42","31"
"弊","42","42"
"缝","42","39"
"詞","42","34"
"揽","42","40"
"栽","42","33"
"胃","41","32"
"崖","41","32"
"牲","41","37"
"茫","41","33"
"濒","41","40"
"怡","41","38"
"徑","41","37"
"疊","41","34"
"讶","41","38"
"氮","41","25"
"鳗","41","11"
"艙","41","26"
"搏","41","35"
"凉","41","34"
"刹","41","38"
"葵","41","24"
"巢","40","32"
"徘","40","39"
"梵","40","24"
"屈","40","35"
"曹","40","35"
"犬","40","26"
"惧","40","38"
"舊","40","30"
"沖","40","33"
"砍","40","36"
"浜","40","22"
"丈","40","34"
"鹤","40","30"
"厢","40","35"
"匠","40","36"
"盧","39","30"
"幫","39","35"
"搖","39","34"
"徊","39","38"
"骸","39","34"
"堤","39","32"
"弄","39","36"
"脹","39","37"
"恼","39","36"
"钓","39","31"
"畢","39","24"
"舌","39","37"
"仑","39","34"
"斌","39","39"
"妨","39","37"
"厄","39","36"
"鹽","39","18"
"巷","39","35"
"缉","39","31"
"丑","39","37"
"摧","39","38"
"翔","39","33"
"榈","39","27"
"哇","38","36"
"黔","38","26"
"沪","38","32"
"恋","38","25"
"擬","38","33"
"瘫","38","34"
"豫","38","34"
"亂","38","34"
"砸","38","37"
"坂","38","25"
"檔","38","24"
"睹","38","38"
"猎","38","26"
"迭","38","35"
"廈","38","29"
"嶺","38","29"
"挣","38","36"
"浴","38","33"
"轩","38","30"
"邓","38","29"
"衷","38","37"
"辐","38","32"
"萝","38","26"
"辽","38","32"
"俑","38","17"
"飓","38","23"
"汐","38","23"
"竭","37","36"
"靜","37","32"
"隱","37","35"
"炫","37","33"
"趕","37","33"
"謝","37","26"
"寵","37","13"
"遲","37","29"
"樟","37","32"
"焰","37","30"
"瑜","37","29"
"拐","37","36"
"棵","37","29"
"狼","37","29"
"澤","37","29"
"鳴","37","30"
"揚","37","36"
"坞","37","36"
"濕","37","22"
"懷","37","34"
"囤","36","31"
"栖","36","34"
"亩","36","34"
"敗","36","33"
"惹","36","34"
"瑙","36","26"
"撰","36","36"
"灌","36","32"
"貫","36","31"
"魂","36","34"
"叛","36","34"
"绵","36","34"
"烷","36","24"
"桩","36","27"
"衍","36","34"
"惑","36","36"
"弘","36","34"
"脊","36","27"
"鼎","36","30"
"讚","36","34"
"掛","36","36"
"僑","36","18"
"俯","35","34"
"孜","35","27"
"岡","35","26"
"儘","35","35"
"藉","35","35"
"帽","35","32"
"侨","35","29"
"氫","35","17"
"肴","35","31"
"傑","35","31"
"泪","35","32"
"肝","35","29"
"玄","35","25"
"勘","35","32"
"敞","35","35"
"靖","35","30"
"谊","35","31"
"閃","35","25"
"暢","35","33"
"侣","35","30"
"辨","35","34"
"汀","35","29"
"琳","35","32"
"榄","35","21"
"汶","35","21"
"陝","35","24"
"腺","35","26"
"飄","35","33"
"铠","35","22"
"柿","35","11"
"姻","34","27"
"窥","34","30"
"幽","34","29"
"疼","34","28"
"咸","34","31"
"巾","34","23"
"圭","34","22"
"贏","34","31"
"誰","34","33"
"肢","34","25"
"贤","34","29"
"辱","34","32"
"恨","34","31"
"蘊","34","29"
"衔","34","32"
"枯","34","33"
"塊","34","27"
"攜","34","33"
"複","34","31"
"譯","34","19"
"咎","33","33"
"辖","33","32"
"須","33","30"
"杏","33","17"
"绚","33","31"
"愁","33","32"
"哭","33","30"
"爪","33","27"
"梳","33","31"
"楊","33","24"
"脅","33","27"
"痪","33","31"
"筆","33","28"
"唤","33","31"
"坑","33","23"
"噪","33","25"
"誕","33","27"
"仗","33","29"
"澜","33","28"
"遙","33","21"
"橄","33","22"
"嘗","33","30"
"彦","33","31"
"弯","33","28"
"茄","33","26"
"遷","33","25"
"闖","33","27"
"廟","33","19"
"槍","33","17"
"艷","33","31"
"廢","32","24"
"傲","32","32"
"垮","32","31"
"醇","32","23"
"擘","32","32"
"钠","32","19"
"註","32","29"
"戳","32","31"
"涡","32","29"
"淇","32","22"
"瘦","32","24"
"鸭","32","21"
"鑽","32","19"
"蔽","32","32"
"婆","32","23"
"饿","32","28"
"羚","32","15"
"汁","32","32"
"傾","32","29"
"顆","32","26"
"睫","32","28"
"谣","32","29"
"晒","32","29"
"贿","32","25"
"喉","32","23"
"椅","32","28"
"遼","32","25"
"儒","32","21"
"晉","32","26"
"吳","32","25"
"棄","31","28"
"僚","31","29"
"劫","31","30"
"穫","31","27"
"秉","31","29"
"肿","31","27"
"蕴","31","30"
"舖","31","25"
"媛","31","21"
"吕","31","31"
"歴","31","29"
"玲","31","24"
"梭","31","28"
"昔","31","31"
"缔","31","31"
"囚","31","29"
"蝉","31","29"
"靡","31","31"
"溝","31","26"
"臭","31","21"
"騎","31","26"
"汛","31","25"
"冕","31","27"
"丛","30","27"
"杠","30","29"
"斜","30","28"
"墩","30","17"
"燦","30","17"
"甩","30","28"
"乾","30","28"
"厌","30","26"
"糊","30","29"
"燥","30","29"
"咬","30","26"
"诀","30","28"
"煎","30","24"
"爺","30","15"
"徙","30","19"
"浆","30","23"
"蚀","30","29"
"腔","30","20"
"肅","30","25"
"铀","30","20"
"瑪","30","21"
"陣","30","24"
"閣","30","22"
"婵","30","21"
"雌","29","25"
"嬉","29","26"
"庸","29","25"
"亭","29","21"
"翠","29","28"
"仕","29","27"
"抚","29","27"
"矽","29","23"
"鬥","29","22"
"萍","29","23"
"泻","29","27"
"霾","29","26"
"叉","29","24"
"滤","29","23"
"刃","29","25"
"雞","29","17"
"庇","29","24"
"莹","29","26"
"堕","29","15"
"逗","29","28"
"芋","29","16"
"茲","29","22"
"鳄","29","18"
"叔","29","19"
"沦","29","29"
"壞","29","27"
"凱","29","19"
"覓","29","28"
"巳","29","21"
"熬","28","27"
"馨","28","28"
"滯","28","27"
"觅","28","27"
"蛙","28","18"
"酝","28","28"
"巅","28","27"
"厕","28","22"
"溶","28","24"
"綻","28","23"
"哨","28","27"
"氚","28","22"
"喻","28","27"
"刮","28","23"
"鎖","28","26"
"熔","28","25"
"俏","28","27"
"猶","28","27"
"摔","28","26"
"籲","28","26"
"钉","28","17"
"籌","28","25"
"蝴","28","13"
"遮","28","25"
"鲨","28","14"
"饪","28","21"
"忡","28","14"
"裙","28","20"
"魁","27","26"
"謀","27","23"
"瘤","27","23"
"拢","27","25"
"腕","27","22"
"奕","27","26"
"熙","27","20"
"託","27","26"
"饥","27","25"
"闆","27","15"
"幌","27","19"
"卵","27","19"
"遜","27","20"
"鄰","27","24"
"伞","27","20"
"誤","27","26"
"抄","27","23"
"渝","27","16"
"櫃","27","17"
"鳳","27","19"
"硫","27","17"
"氟","27","17"
"牡","27","14"
"岌","27","14"
"灘","27","20"
"捏","26","23"
"潛","26","19"
"胸","26","22"
"潭","26","19"
"棚","26","22"
"铢","26","22"
"窝","26","20"
"沸","26","25"
"烫","26","20"
"朴","26","23"
"凰","26","22"
"詹","26","24"
"绎","26","25"
"墟","26","20"
"驅","26","26"
"齿","26","25"
"汹","26","16"
"涅","26","23"
"汕","26","19"
"尬","26","25"
"峙","26","26"
"磷","26","20"
"喱","26","17"
"琪","26","24"
"軸","26","18"
"洱","26","18"
"橘","26","18"
"婦","26","19"
"孚","26","24"
"纬","26","25"
"凍","26","13"
"蛛","26","18"
"樊","26","21"
"骆","26","16"
"绣","26","10"
"孝","25","18"
"礙","25","23"
"碌","25","24"
"骂","25","24"
"垫","25","25"
"坝","25","22"
"邁","25","24"
"谅","25","24"
"璐","25","23"
"縱","25","20"
"扔","25","25"
"崔","25","21"
"瞒","25","22"
"掃","25","15"
"薇","25","19"
"谜","25","23"
"挝","25","17"
"黯","25","25"
"钞","25","17"
"弦","25","20"
"喘","25","25"
"畜","25","18"
"埼","25","23"
"姜","25","18"
"锻","25","21"
"痴","25","21"
"札","25","17"
"獅","25","18"
"巍","25","19"
"尸","25","22"
"畝","25","19"
"蒲","25","20"
"龟","25","15"
"胰","25","15"
"筒","25","19"
"臘","25","15"
"賦","25","22"
"奮","25","23"
"徹","24","21"
"冶","24","20"
"瘾","24","22"
"懸","24","21"
"溜","24","20"
"菇","24","21"
"罄","24","24"
"牺","24","24"
"臉","24","19"
"嵌","24","23"
"阱","24","23"
"麾","24","24"
"朔","24","18"
"湧","24","23"
"纲","24","21"
"匿","24","23"
"掏","24","23"
"嘲","24","22"
"迴","24","19"
"顷","24","24"
"潟","24","17"
"尴","24","24"
"岐","24","17"
"霧","24","17"
"粘","24","22"
"洒","24","22"
"螃","24","20"
"嗅","24","17"
"瀚","24","23"
"驼","24","13"
"鯨","24","9"
"猩","24","9"
"鑒","24","23"
"絢","24","20"
"勉","23","23"
"揣","23","22"
"祁","23","11"
"慨","23","23"
"肾","23","16"
"爛","23","23"
"莪","23","22"
"邸","23","23"
"冯","23","21"
"鞭","23","19"
"旷","23","23"
"柠","23","11"
"檬","23","11"
"渗","23","23"
"煽","23","23"
"挠","23","22"
"髓","23","18"
"竣","23","19"
"毙","23","23"
"彌","23","21"
"烯","23","13"
"叻","23","9"
"芭","23","20"
"馈","23","23"
"愉","23","21"
"漆","23","20"
"卑","23","19"
"铅","23","16"
"钛","23","14"
"斕","23","18"
"晃","22","19"
"貸","22","13"
"芦","22","17"
"拱","22","21"
"勳","22","18"
"犀","22","19"
"捲","22","20"
"枕","22","13"
"劝","22","22"
"赁","22","20"
"瓣","22","19"
"霉","22","11"
"斩","22","22"
"炬","22","12"
"詐","22","14"
"膠","22","14"
"棘","22","22"
"寡","22","20"
"缠","22","18"
"涩","22","18"
"桐","22","12"
"蒋","22","17"
"哉","22","18"
"丙","22","20"
"澎","22","22"
"壺","22","12"
"滄","22","11"
"憲","21","16"
"卧","21","20"
"谎","21","17"
"焚","21","20"
"憑","21","21"
"渊","21","21"
"虧","21","15"
"嘎","21","12"
"曙","21","20"
"傻","21","17"
"鋪","21","20"
"盯","21","21"
"淄","21","11"
"扯","21","21"
"巫","21","18"
"馏","21","11"
"雳","21","16"
"狭","21","21"
"辭","21","19"
"緒","21","21"
"蕉","21","17"
"邂","21","21"
"逅","21","21"
"筋","21","20"
"贞","21","19"
"恭","21","20"
"憨","21","17"
"佬","21","19"
"哗","21","21"
"菠","21","15"
"霹","21","16"
"铂","21","9"
"麓","21","19"
"蜘","21","16"
"涝","21","18"
"宕","21","20"
"芮","21","20"
"碟","21","16"
"邱","21","21"
"鶴","21","11"
"贊","21","17"
"菅","21","16"
"閩","21","13"
"湛","21","19"
"涼","21","14"
"踐","20","19"
"扼","20","20"
"栗","20","19"
"煉","20","15"
"肚","20","19"
"昏","20","17"
"葛","20","18"
"倉","20","17"
"渚","20","9"
"闽","20","18"
"詢","20","19"
"顽","20","20"
"壶","20","14"
"荼","20","20"
"脖","20","20"
"殷","20","14"
"擾","20","18"
"燒","20","19"
"酥","20","16"
"虛","20","17"
"恤","20","16"
"淑","20","16"
"掷","20","17"
"绒","20","14"
"淺","20","15"
"篷","20","15"
"愚","20","17"
"穗","20","17"
"隼","20","15"
"撕","20","20"
"纺","20","16"
"棲","20","16"
"瘟","20","19"
"喂","20","19"
"郡","20","16"
"耍","20","20"
"罽","20","4"
"霏","20","15"
"辜","19","15"
"蘑","19","16"
"濤","19","12"
"兜","19","18"
"瀾","19","15"
"擠","19","17"
"俩","19","17"
"側","19","19"
"藻","19","12"
"斐","19","9"
"咳","19","14"
"晕","19","19"
"瑩","19","16"
"慑","19","19"
"亥","19","18"
"滕","19","16"
"崗","19","16"
"斧","19","19"
"湯","19","13"
"谭","19","18"
"粥","19","14"
"戚","19","18"
"娅","19","15"
"豬","19","14"
"韵","19","19"
"淩","19","17"
"歼","19","14"
"滅","19","18"
"裸","19","18"
"悔","19","19"
"呀","19","17"
"籽","19","12"
"奎","19","16"
"缭","19","18"
"贈","19","17"
"鵝","19","9"
"壩","19","11"
"厲","18","17"
"麹","18","15"
"牽","18","18"
"吻","18","14"
"吵","18","17"
"餅","18","12"
"娛","18","15"
"苍","18","17"
"鑫","18","13"
"沮","18","18"
"喧","18","18"
"纱","18","18"
"斓","18","17"
"伺","18","16"
"飆","18","15"
"寂","18","16"
"匪","18","16"
"娴","18","18"
"慣","18","15"
"倦","18","18"
"俠","18","12"
"哦","18","18"
"晖","18","17"
"筷","18","15"
"卤","18","11"
"舵","18","16"
"黛","18","15"
"礴","18","16"
"碩","18","15"
"柑","18","9"
"羁","18","16"
"阜","18","15"
"鮑","18","17"
"盃","18","11"
"獸","18","11"
"鄱","18","12"
"穀","18","15"
"葫","18","11"
"橙","18","17"
"祉","18","16"
"繩","18","17"
"籃","18","15"
"钥","18","12"
"穴","18","12"
"潔","18","16"
"獭","18","11"
"淀","18","13"
"諸","18","18"
"苛","18","18"
"寅","18","15"
"秧","18","9"
"蘆","18","11"
"糾","17","17"
"姚","17","15"
"熠","17","8"
"硝","17","14"
"矢","17","16"
"鈴","17","17"
"釣","17","12"
"袍","17","13"
"賺","17","15"
"鹭","17","13"
"邪","17","17"
"誠","17","17"
"淮","17","12"
"袁","17","14"
"爐","17","16"
"赎","17","13"
"羞","17","16"
"颓","17","17"
"餃","17","11"
"姬","17","13"
"毯","17","16"
"鰻","17","7"
"澈","17","17"
"輔","17","15"
"嘆","17","17"
"蹟","17","17"
"甫","17","13"
"冀","17","16"
"匆","17","11"
"莆","17","11"
"穎","17","14"
"塗","17","9"
"嘛","17","15"
"蜿","17","16"
"蜒","17","16"
"筝","17","8"
"彗","17","6"
"蜀","17","11"
"坤","17","14"
"闊","17","17"
"遂","17","17"
"荔","17","13"
"阐","17","17"
"匙","17","12"
"腻","17","15"
"聰","17","16"
"琶","17","13"
"翩","17","11"
"撾","17","10"
"糯","17","14"
"瓊","17","13"
"哆","17","6"
"劑","17","15"
"嬋","17","10"
"峨","17","15"
"狠","16","12"
"窘","16","16"
"鉅","16","16"
"鸦","16","14"
"鎳","16","10"
"崑","16","10"
"衬","16","14"
"笋","16","15"
"邏","16","15"
"氯","16","11"
"肇","16","15"
"憧","16","15"
"湄","16","11"
"菊","16","12"
"巔","16","15"
"鑄","16","11"
"涸","16","15"
"懈","16","16"
"壘","16","14"
"蹄","16","13"
"淨","16","14"
"牆","16","14"
"訟","16","11"
"陰","16","16"
"鴨","16","11"
"柒","16","11"
"蒜","16","12"
"瞻","16","13"
"飼","16","12"
"羹","16","16"
"榨","16","14"
"曉","16","13"
"蚊","16","11"
"塚","16","13"
"湃","16","16"
"沁","16","13"
"曬","16","10"
"婧","16","16"
"琵","16","14"
"沼","16","13"
"眯","16","5"
"鑑","16","16"
"墜","16","10"
"梗","15","15"
"湘","15","9"
"殼","15","10"
"诠","15","15"
"崙","15","7"
"薛","15","11"
"螂","15","8"
"繹","15","14"
"浇","15","15"
"渣","15","13"
"鮪","15","5"
"骏","15","11"
"攘","15","10"
"峦","15","14"
"乍","15","15"
"煞","15","14"
"孵","15","15"
"灑","15","13"
"潰","15","14"
"鵬","15","10"
"銳","15","10"
"粪","15","10"
"醬","15","8"
"炙","15","15"
"診","15","9"
"渺","15","15"
"畿","15","12"
"骄","15","15"
"芙","15","13"
"伽","15","11"
"煥","15","14"
"皱","15","10"
"酪","15","13"
"藕","15","6"
"渤","15","10"
"麽","15","15"
"諧","15","15"
"陨","15","7"
"犁","15","15"
"帥","15","14"
"滇","15","10"
"撈","15","10"
"旻","15","10"
"羯","15","13"
"彎","14","11"
"臥","14","11"
"矗","14","14"
"臟","14","9"
"粿","14","8"
"殡","14","8"
"婷","14","12"
"妄","14","11"
"詳","14","14"
"陌","14","14"
"缤","14","14"
"堺","14","8"
"憬","14","14"
"冊","14","12"
"膝","14","12"
"跪","14","9"
"雁","14","13"
"棺","14","9"
"贼","14","13"
"亟","14","14"
"弓","14","14"
"眺","14","13"
"隶","14","12"
"灿","14","10"
"敘","14","9"
"钮","14","10"
"锣","14","14"
"鯉","14","8"
"闷","14","13"
"鸽","14","13"
"罰","14","9"
"肪","14","11"
"棟","14","10"
"俘","14","14"
"噴","14","8"
"绸","14","14"
"肘","14","14"
"泸","14","11"
"骼","14","12"
"壟","14","12"
"鋒","14","9"
"氪","14","12"
"寇","14","10"
"髮","14","13"
"琐","14","14"
"闡","14","14"
"烘","14","11"
"锈","14","10"
"癒","14","12"
"辙","14","14"
"漳","14","11"
"珀","14","12"
"暮","14","12"
"蠢","14","11"
"蝠","14","9"
"钙","14","7"
"荞","14","5"
"鳍","14","11"
"騙","14","7"
"曳","14","14"
"帘","14","11"
"扁","14","12"
"樞","14","11"
"咽","14","12"
"嗽","14","10"
"呵","14","12"
"澡","14","10"
"滬","14","13"
"沱","14","4"
"雯","14","7"
"盪","14","14"
"綢","14","12"
"繡","14","9"
"稣","13","13"
"滲","13","12"
"廖","13","12"
"弛","13","12"
"輯","13","13"
"畏","13","13"
"宰","13","13"
"鹦","13","9"
"鹉","13","9"
"拂","13","13"
"纾","13","13"
"聆","13","13"
"沧","13","11"
"绊","13","12"
"馳","13","9"
"瞧","13","7"
"婉","13","12"
"殘","13","12"
"隙","13","13"
"鲤","13","6"
"胺","13","13"
"掠","13","12"
"償","13","12"
"楞","13","11"
"焕","13","13"
"羡","13","13"
"蕭","13","12"
"禄","13","12"
"敖","13","12"
"闸","13","13"
"晟","13","12"
"箔","13","7"
"捣","13","13"
"狐","13","7"
"彤","13","7"
"倪","13","12"
"粵","13","10"
"壹","13","10"
"毀","13","11"
"哺","13","9"
"赦","13","9"
"鸥","13","8"
"蛟","13","9"
"迦","13","11"
"愧","13","13"
"剖","13","12"
"侮","13","12"
"锌","13","12"
"灶","13","11"
"蚕","13","13"
"侏","13","12"
"虞","13","10"
"鲑","13","8"
"酯","13","10"
"榻","13","7"
"噬","13","12"
"蛤","13","6"
"紋","13","11"
"棍","13","9"
"椎","13","8"
"筍","13","9"
"頗","13","11"
"傣","13","10"
"蕩","13","10"
"顏","13","12"
"灸","13","6"
"寥","13","7"
"倩","13","8"
"燉","13","2"
"潑","13","8"
"罷","13","7"
"憓","13","9"
"皑","12","6"
"賈","12","10"
"偽","12","9"
"螳","12","5"
"挨","12","10"
"綿","12","12"
"羔","12","7"
"嶽","12","8"
"浑","12","12"
"蹤","12","10"
"雍","12","9"
"馮","12","9"
"屯","12","11"
"屢","12","11"
"羌","12","12"
"窑","12","10"
"咒","12","11"
"斡","12","12"
"侃","12","12"
"渲","12","12"
"掺","12","12"
"佑","12","11"
"盔","12","10"
"挟","12","12"
"赂","12","11"
"颤","12","6"
"鄂","12","10"
"媲","12","12"
"攸","12","12"
"玮","12","10"
"苑","12","7"
"倭","12","8"
"奄","12","7"
"辯","12","10"
"乞","12","7"
"锗","12","11"
"佼","12","6"
"泵","12","11"
"閒","12","10"
"顛","12","11"
"枫","12","8"
"懒","12","12"
"陋","12","12"
"耻","12","12"
"銜","12","10"
"鷹","12","9"
"鹳","12","5"
"釁","12","11"
"娟","12","11"
"紡","12","10"
"冉","12","6"
"籠","12","12"
"柚","12","5"
"頒","12","9"
"賢","12","6"
"澀","11","8"
"焊","11","8"
"溺","11","10"
"牟","11","11"
"慷","11","11"
"冥","11","9"
"娇","11","11"
"颂","11","11"
"倣","11","6"
"昊","11","9"
"賬","11","9"
"栅","11","11"
"凑","11","10"
"恪","11","11"
"霄","11","10"
"僧","11","10"
"倚","11","11"
"衫","11","9"
"纖","11","9"
"竿","11","10"
"睿","11","9"
"猖","11","11"
"勺","11","10"
"毽","11","6"
"阮","11","9"
"姨","11","8"
"敵","11","10"
"謹","11","11"
"谤","11","11"
"爹","11","6"
"卯","11","9"
"禾","11","6"
"蓉","11","10"
"镖","11","7"
"暇","11","11"
"欄","11","9"
"坟","11","9"
"踵","11","10"
"紮","11","11"
"蛮","11","11"
"莞","11","9"
"擋","11","11"
"拭","11","10"
"悍","11","11"
"笛","11","9"
"阀","11","10"
"汲","11","11"
"琢","11","11"
"抉","11","11"
"沓","11","11"
"榕","11","6"
"鷺","11","6"
"恆","11","9"
"矩","11","9"
"蜓","11","7"
"丫","11","5"
"蜊","11","5"
"滾","11","10"
"舷","11","8"
"膀","11","11"
"膳","11","8"
"趙","11","9"
"祿","11","4"
"凛","11","7"
"噩","11","10"
"戀","11","7"
"舜","11","5"
"鍍","11","6"
"鳌","11","8"
"晾","11","5"
"頤","11","6"
"瑶","11","5"
"莽","11","5"
"笙","11","6"
"淌","11","11"
"廚","11","9"
"鹮","11","4"
"恍","10","8"
"祀","10","9"
"淚","10","9"
"幢","10","6"
"馥","10","9"
"撲","10","7"
"蘿","10","9"
"咩","10","5"
"缕","10","9"
"扛","10","10"
"钳","10","8"
"蹒","10","10"
"跚","10","10"
"韭","10","10"
"锺","10","9"
"唇","10","9"
"奴","10","9"
"漩","10","10"
"諮","10","9"
"嚣","10","10"
"疮","10","8"
"頸","10","7"
"绞","10","10"
"嘟","10","5"
"怠","10","10"
"靶","10","8"
"惫","10","10"
"哄","10","8"
"鬱","10","8"
"勛","10","5"
"躋","10","9"
"梧","10","10"
"妗","10","10"
"獗","10","10"
"杪","10","10"
"锚","10","10"
"睁","10","7"
"偵","10","8"
"盏","10","7"
"诽","10","10"
"肋","10","10"
"飽","10","10"
"邑","10","7"
"詠","10","6"
"釜","10","10"
"擱","10","8"
"蚝","10","7"
"閱","10","7"
"颯","10","9"
"饽","10","3"
"駁","10","10"
"繳","10","6"
"遛","10","8"
"轟","10","10"
"曦","10","8"
"靴","10","8"
"咔","10","6"
"綴","10","9"
"歪","10","10"
"馋","10","8"
"蹦","10","8"
"牠","10","9"
"侍","10","9"
"磐","10","9"
"恳","10","10"
"祷","10","9"
"赣","10","7"
"稠","10","7"
"蔑","10","10"
"岑","10","9"
"轧","10","6"
"霆","10","9"
"邢","10","7"
"狄","10","9"
"饕","10","9"
"眨","10","9"
"妖","10","10"
"坷","10","10"
"涮","10","7"
"矚","10","10"
"镁","10","7"
"唾","10","10"
"擂","10","3"
"拌","10","8"
"垣","10","8"
"锤","10","9"
"飒","10","9"
"弋","10","9"
"缀","10","10"
"痊","10","10"
"篝","10","6"
"谧","10","10"
"蔥","10","8"
"帧","10","9"
"腸","10","7"
"梓","10","5"
"淵","9","8"
"诫","9","9"
"躁","9","9"
"惬","9","9"
"缸","9","9"
"峭","9","8"
"蟲","9","8"
"蔔","9","8"
"熄","9","8"
"嘱","9","7"
"蜡","9","8"
"銘","9","9"
"谬","9","9"
"誘","9","9"
"纜","9","8"
"苯","9","8"
"捡","9","9"
"琅","9","7"
"崭","9","8"
"踊","9","9"
"迂","9","6"
"輿","9","9"
"稽","9","8"
"艱","9","8"
"陛","9","6"
"楠","9","9"
"蝕","9","9"
"掬","9","9"
"捩","9","8"
"呛","9","9"
"魄","9","9"
"奸","9","7"
"諜","9","5"
"缪","9","8"
"膽","9","9"
"掣","9","9"
"榫","9","6"
"傢","9","5"
"樑","9","7"
"芥","9","7"
"帜","9","9"
"簸","9","9"
"窖","9","7"
"凹","9","9"
"驯","9","9"
"轎","9","7"
"侖","9","6"
"蔗","9","7"
"镀","9","5"
"毋","9","8"
"襟","9","9"
"屁","9","8"
"祠","9","6"
"攒","9","9"
"瑕","9","9"
"彝","9","8"
"喬","9","7"
"剝","9","9"
"桦","9","8"
"焙","9","6"
"骋","9","9"
"沐","9","9"
"搅","9","9"
"耸","9","9"
"蝙","9","8"
"茉","9","7"
"酰","9","8"
"膏","9","8"
"緻","9","9"
"蜻","9","7"
"茵","9","8"
"禧","9","8"
"咀","9","9"
"睞","9","9"
"墅","9","9"
"閘","9","6"
"眷","9","8"
"舫","9","6"
"悖","9","9"
"漓","9","8"
"懿","9","5"
"窯","9","5"
"忒","9","7"
"蚶","9","5"
"猿","9","5"
"洙","9","9"
"挚","9","9"
"鱿","9","8"
"馒","9","6"
"仟","9","9"
"銖","9","6"
"韶","9","7"
"凇","9","7"
"襯","9","9"
"駝","9","4"
"渭","9","6"
"譴","9","9"
"鮭","9","3"
"瀕","9","7"
"阙","8","8"
"掖","8","7"
"钜","8","7"
"颐","8","7"
"媚","8","8"
"窮","8","8"
"叮","8","8"
"譬","8","7"
"呐","8","7"
"伎","8","6"
"悸","8","8"
"钵","8","8"
"鰭","8","5"
"梶","8","8"
"蜥","8","6"
"鉑","8","4"
"哔","8","4"
"哩","8","5"
"骇","8","8"
"凋","8","8"
"鎧","8","5"
"錠","8","7"
"嶼","8","5"
"睽","8","7"
"禀","8","8"
"匮","8","8"
"賠","8","5"
"彷","8","8"
"寮","8","7"
"燮","8","8"
"倖","8","6"
"嗨","8","5"
"彥","8","8"
"翱","8","8"
"粱","8","7"
"桨","8","7"
"讳","8","8"
"腥","8","7"
"錤","8","7"
"窜","8","8"
"醋","8","8"
"绷","8","8"
"輩","8","8"
"咋","8","8"
"洼","8","8"
"矮","8","7"
"蛎","8","3"
"柄","8","8"
"獺","8","5"
"猝","8","8"
"驿","8","7"
"緯","8","7"
"煲","8","6"
"钼","8","4"
"篡","8","6"
"巒","8","8"
"濫","8","8"
"瀋","8","6"
"捆","8","8"
"卉","8","6"
"頌","8","6"
"杞","8","7"
"颱","8","7"
"陡","8","8"
"譜","8","8"
"盞","8","4"
"韋","8","6"
"馅","8","6"
"炳","8","7"
"綸","8","5"
"縫","8","7"
"堰","8","6"
"咪","8","6"
"撫","8","3"
"紗","8","7"
"麋","8","3"
"爍","8","4"
"龐","8","7"
"摯","8","7"
"腎","8","5"
"懲","8","7"
"楓","8","6"
"荊","8","5"
"妝","8","6"
"粼","8","4"
"鹃","8","3"
"昇","7","4"
"缚","7","7"
"黴","7","4"
"苞","7","6"
"覃","7","7"
"兀","7","7"
"抒","7","6"
"怜","7","7"
"烛","7","7"
"涟","7","7"
"漪","7","7"
"鹊","7","6"
"矫","7","7"
"癱","7","6"
"簇","7","6"
"沛","7","7"
"恬","7","7"
"疹","7","4"
"趸","7","7"
"捂","7","7"
"頁","7","6"
"趴","7","5"
"祎","7","6"
"拙","7","7"
"垠","7","7"
"钾","7","5"
"賃","7","7"
"勵","7","7"
"弧","7","7"
"吋","7","6"
"柩","7","6"
"堀","7","7"
"昙","7","7"
"絮","7","7"
"岂","7","7"
"阖","7","7"
"篆","7","3"
"懼","7","6"
"鎵","7","4"
"締","7","7"
"泌","7","7"
"樸","7","7"
"绰","7","7"
"龜","7","4"
"沽","7","6"
"謎","7","7"
"撇","7","7"
"歹","7","7"
"薦","7","6"
"黏","7","7"
"咙","7","7"
"厝","7","4"
"璧","7","7"
"憋","7","7"
"墊","7","7"
"賭","7","5"
"鞍","7","7"
"敷","7","7"
"籤","7","7"
"忱","7","7"
"淖","7","6"
"闢","7","7"
"軒","7","5"
"庚","7","4"
"驕","7","7"
"锯","7","7"
"韌","7","7"
"碱","7","6"
"缥","7","6"
"缈","7","6"
"劈","7","7"
"驭","7","7"
"攬","7","7"
"濑","7","7"
"癫","7","7"
"稔","7","7"
"雹","7","4"
"睦","7","7"
"庐","7","5"
"殴","7","7"
"貧","7","7"
"婪","7","7"
"吟","7","7"
"簪","7","5"
"寐","7","7"
"汝","7","7"
"酩","7","5"
"滔","7","5"
"镕","7","5"
"愜","7","6"
"沾","7","5"
"襄","7","5"
"藩","7","4"
"絨","7","6"
"椭","7","7"
"跋","7","6"
"捅","7","4"
"胚","7","5"
"禪","7","5"
"夯","7","7"
"溅","7","6"
"圩","7","6"
"瞪","7","5"
"竖","7","7"
"蹲","7","7"
"喇","7","6"
"钯","7","6"
"綏","7","7"
"訣","7","7"
"彪","7","5"
"鑲","7","6"
"兢","7","4"
"磊","7","7"
"詮","7","7"
"勸","7","7"
"殲","7","3"
"駱","7","3"
"咱","7","7"
"槓","7","4"
"傘","7","5"
"倆","7","6"
"鴉","7","4"
"颶","7","4"
"暉","7","6"
"蒼","7","7"
"朦","7","6"
"胧","7","6"
"鰲","7","4"
"湍","7","7"
"鈉","7","3"
"鵑","7","2"
"栈","6","6"
"褪","6","6"
"旖","6","5"
"旎","6","5"
"谦","6","6"
"渥","6","5"
"饅","6","2"
"嫉","6","6"
"镶","6","6"
"繽","6","5"
"睒","6","3"
"齋","6","4"
"鱗","6","6"
"冤","6","6"
"釀","6","6"
"珺","6","4"
"悚","6","6"
"嘯","6","4"
"鈣","6","4"
"鈦","6","4"
"鰤","6","5"
"罔","6","6"
"岖","6","6"
"耿","6","5"
"蟬","6","6"
"唁","6","4"
"蹿","6","5"
"桿","6","5"
"诡","6","6"
"稚","6","6"
"咤","6","6"
"鞏","6","6"
"邹","6","5"
"朽","6","6"
"撮","6","6"
"蓓","6","5"
"捨","6","6"
"戮","6","6"
"嘘","6","6"
"冢","6","4"
"娣","6","6"
"跤","6","4"
"蟒","6","5"
"啃","6","5"
"壬","6","6"
"鄧","6","6"
"铸","6","6"
"浊","6","5"
"蝇","6","6"
"喪","6","6"
"搓","6","5"
"訝","6","5"
"薰","6","6"
"粧","6","5"
"昕","6","4"
"騷","6","6"
"殃","6","6"
"铲","6","6"
"镳","6","6"
"烁","6","6"
"剃","6","5"
"眈","6","3"
"酮","6","4"
"丟","6","6"
"鴞","6","3"
"暄","6","6"
"秃","6","6"
"疵","6","6"
"翡","6","5"
"蜕","6","6"
"呱","6","3"
"嚓","6","4"
"倘","6","6"
"荆","6","5"
"嚼","6","6"
"咄","6","3"
"邵","6","6"
"偕","6","6"
"恙","6","6"
"痫","6","6"
"掐","6","4"
"蚬","6","6"
"譚","6","5"
"刨","6","3"
"牒","6","6"
"窒","6","6"
"钕","6","4"
"躬","6","5"
"婿","6","6"
"炖","6","4"
"耽","6","6"
"叱","6","6"
"兇","6","6"
"啧","6","3"
"呷","6","4"
"霽","6","3"
"皚","6","3"
"嵩","6","6"
"馍","6","4"
"靓","6","6"
"泗","6","5"
"哮","6","6"
"鬣","6","3"
"扳","6","6"
"屹","6","6"
"颊","6","6"
"烙","6","6"
"禦","6","5"
"爵","6","5"
"岚","6","5"
"肛","6","5"
"篪","6","6"
"呦","6","3"
"奘","6","5"
"邰","6","6"
"鲟","6","3"
"潺","6","3"
"晝","6","6"
"狸","6","3"
"氖","6","4"
"檐","6","6"
"梢","6","5"
"禹","6","5"
"钧","6","5"
"棱","6","6"
"佤","6","2"
"咚","6","3"
"逍","6","6"
"鸳","6","3"
"鸯","6","3"
"鏢","6","2"
"尉","6","6"
"巖","6","6"
"蝦","6","5"
"閥","6","3"
"汩","6","3"
"馴","6","2"
"嶂","6","6"
"蛰","6","3"
"磯","6","4"
"覲","6","2"
"畬","6","1"
"麝","6","1"
"蔻","5","4"
"耘","5","5"
"殆","5","5"
"婺","5","5"
"漾","5","5"
"夭","5","3"
"媳","5","5"
"骥","5","5"
"謙","5","4"
"陲","5","5"
"棠","5","4"
"繚","5","4"
"谕","5","5"
"皺","5","3"
"袤","5","5"
"隘","5","5"
"壑","5","5"
"蕊","5","4"
"髦","5","5"
"炽","5","5"
"頑","5","5"
"匣","5","5"
"昼","5","5"
"濾","5","5"
"樁","5","4"
"瑾","5","5"
"掰","5","3"
"駿","5","5"
"鄙","5","4"
"鹼","5","3"
"喚","5","4"
"豌","5","4"
"腮","5","4"
"釐","5","5"
"臻","5","3"
"辄","5","5"
"鍛","5","4"
"祛","5","5"
"槿","5","5"
"鳞","5","5"
"毓","5","4"
"晦","5","5"
"剎","5","5"
"嚐","5","5"
"嗜","5","5"
"疟","5","3"
"弩","5","4"
"顫","5","3"
"虱","5","4"
"鍊","5","5"
"叁","5","4"
"眶","5","5"
"輻","5","4"
"椪","5","3"
"钊","5","5"
"販","5","4"
"肮","5","5"
"咫","5","5"
"餚","5","5"
"唠","5","2"
"腌","5","5"
"俭","5","5"
"皓","5","5"
"剿","5","5"
"蟋","5","4"
"蟀","5","4"
"轭","5","5"
"憤","5","5"
"褐","5","5"
"鈷","5","5"
"鲭","5","2"
"侥","5","5"
"惋","5","5"
"氦","5","3"
"妃","5","4"
"陀","5","4"
"锭","5","4"
"殉","5","5"
"饶","5","5"
"辫","5","5"
"袂","5","5"
"呕","5","5"
"鞠","5","4"
"獾","5","3"
"妓","5","2"
"曰","5","4"
"屑","5","5"
"耦","5","4"
"糙","5","5"
"铟","5","4"
"鳝","5","3"
"狲","5","3"
"泣","5","5"
"弭","5","5"
"喆","5","5"
"鑼","5","5"
"彬","5","5"
"笨","5","5"
"昶","5","4"
"妒","5","5"
"溉","5","5"
"谚","5","5"
"霓","5","5"
"餵","5","5"
"栃","5","5"
"潇","5","4"
"觑","5","5"
"贛","5","2"
"榆","5","4"
"尧","5","5"
"橇","5","2"
"袜","5","5"
"璞","5","3"
"兮","5","4"
"茧","5","2"
"躯","5","5"
"镰","5","3"
"缨","5","3"
"铎","5","5"
"泾","5","5"
"帳","5","5"
"悳","5","5"
"橱","5","4"
"铉","5","4"
"氤","5","4"
"氳","5","4"
"荟","5","5"
"珂","5","5"
"諒","5","4"
"咆","5","5"
"蠟","5","4"
"傈","5","4"
"僳","5","4"
"冽","5","5"
"鉬","5","2"
"叒","5","5"
"涤","5","5"
"嫣","5","3"
"熏","5","5"
"凿","5","4"
"羨","5","3"
"晏","5","4"
"鑵","5","5"
"楷","5","5"
"縷","5","4"
"槳","5","5"
"诵","5","5"
"邃","5","5"
"綱","5","5"
"灕","5","3"
"瀟","5","5"
"緝","5","3"
"衢","5","3"
"搪","5","2"
"睏","5","5"
"叭","5","4"
"皎","5","2"
"鴕","5","1"
"鱖","5","2"
"牂","5","1"
"牁","5","1"
"窩","4","3"
"嘤","4","2"
"莺","4","4"
"俾","4","3"
"餾","4","4"
"酶","4","4"
"舔","4","4"
"珞","4","4"
"湟","4","3"
"岔","4","4"
"瓢","4","4"
"瘓","4","4"
"煦","4","4"
"洩","4","4"
"翘","4","4"
"猞","4","2"
"猁","4","2"
"簌","4","2"
"鉤","4","4"
"懾","4","4"
"涎","4","4"
"婭","4","4"
"笃","4","3"
"扒","4","4"
"爲","4","4"
"粕","4","4"
"捎","4","4"
"叩","4","2"
"俨","4","4"
"逞","4","4"
"崐","4","3"
"萁","4","3"
"敛","4","4"
"唬","4","4"
"愣","4","3"
"嘿","4","4"
"酌","4","4"
"昵","4","3"
"悯","4","3"
"榔","4","4"
"謊","4","4"
"鎊","4","4"
"轍","4","4"
"砥","4","4"
"蚱","4","4"
"淪","4","3"
"刈","4","4"
"瀰","4","4"
"吼","4","4"
"赃","4","4"
"枉","4","4"
"渎","4","4"
"漉","4","2"
"贱","4","4"
"篑","4","4"
"噱","4","4"
"檻","4","4"
"祕","4","4"
"韬","4","3"
"袱","4","4"
"蹊","4","4"
"鋅","4","2"
"鷗","4","3"
"溥","4","3"
"踞","4","4"
"磕","4","3"
"楂","4","3"
"菁","4","4"
"祯","4","2"
"箍","4","4"
"匡","4","4"
"掳","4","4"
"舅","4","2"
"盅","4","2"
"淆","4","4"
"碾","4","4"
"寰","4","4"
"缽","4","3"
"痍","4","4"
"骁","4","4"
"迥","4","4"
"俞","4","3"
"忏","4","4"
"毗","4","4"
"蜚","4","4"
"汾","4","4"
"埕","4","4"
"祇","4","2"
"潼","4","2"
"畴","4","4"
"隅","4","3"
"遴","4","4"
"狙","4","4"
"滝","4","4"
"唏","4","4"
"祐","4","4"
"笠","4","4"
"釘","4","3"
"荫","4","4"
"拷","4","4"
"瘪","4","4"
"淫","4","4"
"徕","4","4"
"屎","4","4"
"鏖","4","3"
"雏","4","3"
"屉","4","4"
"戛","4","4"
"炜","4","4"
"焯","4","3"
"荚","4","4"
"蟑","4","4"
"铬","4","2"
"侄","4","4"
"摒","4","4"
"鹜","4","4"
"癸","4","4"
"惶","4","3"
"螞","4","4"
"蟻","4","4"
"舂","4","1"
"豎","4","3"
"纏","4","4"
"杖","4","4"
"禅","4","3"
"诬","4","4"
"銮","4","4"
"惺","4","2"
"阂","4","4"
"迸","4","4"
"獄","4","4"
"娩","4","4"
"颅","4","3"
"喋","4","2"
"槃","4","4"
"昧","4","4"
"隈","4","3"
"焗","4","2"
"钰","4","4"
"玟","4","2"
"瓮","4","4"
"瑛","4","4"
"盂","4","2"
"嗣","4","4"
"镝","4","4"
"沂","4","2"
"塢","4","3"
"篩","4","3"
"廓","4","4"
"吶","4","4"
"茜","4","4"
"暹","4","3"
"亘","4","3"
"紊","4","4"
"熹","4","3"
"憩","4","4"
"咧","4","3"
"嚇","4","4"
"蔣","4","3"
"嬌","4","4"
"撬","4","4"
"拽","4","4"
"俐","4","2"
"狩","4","3"
"铿","4","4"
"竊","4","4"
"朥","4","1"
"庶","4","2"
"蜗","4","2"
"饒","4","3"
"谛","4","4"
"芹","4","3"
"绢","4","3"
"筱","4","4"
"姗","4","2"
"袒","4","4"
"帛","4","2"
"慘","4","4"
"洄","4","4"
"菏","4","2"
"瀉","4","3"
"桁","4","4"
"塵","4","4"
"拧","4","4"
"銥","4","1"
"糸","4","2"
"謠","4","3"
"粑","4","3"
"燙","4","2"
"昱","4","4"
"蓼","4","2"
"靚","4","4"
"吏","4","2"
"窺","4","4"
"犧","4","4"
"鞦","4","2"
"韆","4","2"
"腼","4","4"
"腆","4","4"
"渾","4","4"
"幟","4","4"
"撥","4","4"
"鏽","4","4"
"獵","4","4"
"稞","4","2"
"彿","4","4"
"鹹","4","3"
"遨","4","3"
"煠","4","1"
"貘","4","1"
"齒","4","3"
"菖","4","2"
"荧","4","3"
"萃","4","4"
"邯","4","2"
"轄","4","4"
"喵","4","2"
"柞","4","4"
"澱","4","4"
"瘋","3","3"
"笈","3","3"
"茹","3","3"
"闰","3","2"
"麴","3","3"
"鸵","3","1"
"乖","3","2"
"怼","3","3"
"诟","3","3"
"褶","3","3"
"蜱","3","1"
"嗯","3","3"
"盹","3","3"
"踉","3","2"
"跄","3","2"
"邝","3","3"
"踱","3","3"
"圜","3","3"
"勐","3","3"
"虻","3","2"
"铤","3","3"
"淤","3","3"
"錳","3","2"
"僱","3","3"
"瞠","3","3"
"闺","3","3"
"锥","3","3"
"蛻","3","3"
"俪","3","3"
"嗔","3","1"
"秽","3","3"
"饋","3","3"
"斟","3","3"
"臃","3","3"
"赈","3","3"
"瞭","3","3"
"螢","3","3"
"慜","3","3"
"夾","3","2"
"蜢","3","3"
"瘠","3","3"
"禱","3","3"
"虔","3","3"
"檯","3","3"
"孰","3","2"
"鳔","3","3"
"敝","3","3"
"淬","3","2"
"咯","3","3"
"颳","3","3"
"硼","3","3"
"攔","3","3"
"垩","3","3"
"叢","3","3"
"嬰","3","3"
"桔","3","3"
"谩","3","3"
"惱","3","3"
"讣","3","3"
"厭","3","2"
"蔭","3","3"
"頃","3","3"
"霖","3","3"
"噤","3","3"
"抠","3","3"
"僻","3","3"
"漱","3","3"
"遽","3","3"
"餓","3","2"
"鲷","3","2"
"骡","3","3"
"仆","3","3"
"砝","3","3"
"脯","3","2"
"呗","3","2"
"铯","3","3"
"铽","3","1"
"穹","3","3"
"骰","3","3"
"馕","3","3"
"毡","3","3"
"脐","3","3"
"煇","3","3"
"吠","3","2"
"皈","3","1"
"凳","3","2"
"箬","3","3"
"滁","3","2"
"铆","3","3"
"簧","3","3"
"姪","3","1"
"烽","3","3"
"氰","3","3"
"酣","3","3"
"豉","3","3"
"牘","3","2"
"酗","3","3"
"诧","3","3"
"垦","3","3"
"揺","3","3"
"攫","3","3"
"膻","3","2"
"恥","3","2"
"趾","3","3"
"螯","3","2"
"孢","3","3"
"毂","3","2"
"呜","3","2"
"褒","3","3"
"狈","3","3"
"酚","3","2"
"厮","3","3"
"悭","3","3"
"窪","3","3"
"蓊","3","3"
"绫","3","3"
"蹂","3","3"
"躏","3","3"
"瀏","3","3"
"誇","3","3"
"琥","3","3"
"飚","3","3"
"犊","3","2"
"攪","3","3"
"耄","3","3"
"耋","3","3"
"窿","3","3"
"遑","3","3"
"痔","3","1"
"琦","3","3"
"塾","3","2"
"駒","3","2"
"嗓","3","3"
"豺","3","1"
"瘀","3","3"
"芡","3","1"
"蔷","3","3"
"萤","3","3"
"辍","3","3"
"劼","3","2"
"庵","3","3"
"嗩","3","3"
"箏","3","3"
"砲","3","3"
"凖","3","3"
"拮","3","3"
"犸","3","3"
"唢","3","2"
"闔","3","3"
"唳","3","3"
"砷","3","3"
"戟","3","3"
"埠","3","3"
"匀","3","3"
"浚","3","3"
"鲇","3","3"
"砾","3","3"
"峯","3","3"
"叼","3","2"
"窍","3","3"
"蝗","3","3"
"辗","3","3"
"隸","3","3"
"嫂","3","3"
"繕","3","3"
"脞","3","1"
"釉","3","3"
"祺","3","3"
"戍","3","3"
"锕","3","1"
"钝","3","3"
"叕","3","3"
"颉","3","2"
"铌","3","2"
"哽","3","3"
"蛳","3","3"
"拈","3","3"
"婞","3","2"
"纮","3","3"
"桧","3","1"
"笹","3","1"
"鲱","3","1"
"胳","3","2"
"疤","3","2"
"猕","3","3"
"裘","3","3"
"喙","3","2"
"閬","3","2"
"峪","3","3"
"呂","3","3"
"刪","3","3"
"廂","3","3"
"渦","3","3"
"魷","3","3"
"謐","3","3"
"鈔","3","1"
"疇","3","2"
"鯤","3","2"
"歙","3","1"
"竺","3","2"
"馭","3","3"
"攏","3","2"
"枸","3","2"
"堑","3","3"
"凜","3","2"
"鴿","3","3"
"鎣","3","1"
"灤","3","2"
"掄","3","1"
"鬃","3","2"
"磺","3","3"
"姍","3","2"
"狍","3","2"
"隴","3","3"
"漿","3","2"
"咕","3","2"
"絆","3","3"
"伫","3","2"
"薑","3","3"
"湊","3","3"
"彙","3","2"
"攤","3","3"
"榛","3","3"
"茸","3","2"
"蜃","3","3"
"豔","3","3"
"楳","3","1"
"鑰","3","2"
"煩","3","3"
"鐮","3","2"
"黟","3","3"
"蕪","3","1"
"鯽","3","2"
"撿","3","3"
"嘹","3","3"
"銹","3","2"
"琺","3","2"
"狹","3","3"
"嘻","3","2"
"聳","3","3"
"纍","3","3"
"萦","3","3"
"隰","3","3"
"醛","3","3"
"欖","3","3"
"鵲","3","2"
"姥","3","2"
"軀","3","3"
"郸","3","1"
"埸","3","2"
"芊","3","2"
"貪","3","3"
"苟","3","2"
"蛸","3","1"
"綁","3","2"
"簍","3","1"
"槐","3","2"
"矣","3","3"
"飪","3","3"
"涇","3","2"
"醜","3","2"
"鉛","3","1"
"鵟","3","1"
"鯢","3","1"
"諦","2","2"
"丐","2","2"
"喽","2","2"
"钨","2","2"
"砚","2","2"
"嗑","2","2"
"篱","2","2"
"俵","2","2"
"埂","2","1"
"珈","2","2"
"蛀","2","1"
"憷","2","2"
"枣","2","2"
"櫛","2","2"
"嚎","2","2"
"擀","2","2"
"碇","2","2"
"餌","2","2"
"蜴","2","2"
"翟","2","2"
"諷","2","2"
"幀","2","2"
"铡","2","2"
"揉","2","2"
"舀","2","2"
"彧","2","2"
"浣","2","2"
"娶","2","2"
"亢","2","2"
"伉","2","2"
"犒","2","2"
"蹶","2","2"
"釹","2","2"
"咂","2","2"
"萱","2","2"
"跫","2","2"
"裴","2","2"
"渌","2","1"
"冗","2","2"
"驪","2","1"
"窦","2","2"
"恕","2","2"
"擰","2","1"
"赝","2","2"
"榊","2","2"
"瓯","2","2"
"蜈","2","1"
"蚣","2","1"
"瀨","2","2"
"蹬","2","2"
"摻","2","2"
"谒","2","2"
"惮","2","2"
"焉","2","2"
"叨","2","2"
"迢","2","1"
"蹴","2","2"
"衆","2","2"
"樋","2","2"
"泓","2","2"
"缣","2","2"
"娄","2","2"
"褲","2","1"
"莠","2","2"
"稜","2","2"
"轶","2","2"
"刍","2","2"
"鈀","2","2"
"蠻","2","2"
"剁","2","2"
"皂","2","2"
"吭","2","1"
"哧","2","1"
"蟄","2","1"
"撂","2","2"
"墻","2","2"
"绥","2","2"
"蜇","2","1"
"囧","2","2"
"蛾","2","2"
"瀧","2","2"
"铐","2","2"
"讹","2","1"
"樽","2","1"
"绯","2","2"
"钍","2","2"
"锰","2","2"
"慵","2","2"
"谙","2","2"
"坭","2","1"
"龈","2","2"
"虏","2","2"
"鲣","2","2"
"籁","2","2"
"隋","2","2"
"镭","2","2"
"棨","2","1"
"涿","2","2"
"臆","2","2"
"渍","2","2"
"诋","2","2"
"哎","2","2"
"郝","2","2"
"鸠","2","2"
"遁","2","2"
"铱","2","2"
"蓑","2","2"
"黙","2","2"
"缰","2","2"
"恵","2","2"
"愫","2","2"
"狰","2","2"
"狞","2","2"
"绌","2","2"
"茁","2","2"
"犛","2","1"
"憎","2","2"
"骷","2","2"
"髅","2","2"
"恣","2","2"
"廬","2","2"
"绶","2","2"
"吱","2","2"
"碛","2","1"
"莒","2","1"
"炊","2","2"
"潢","2","2"
"芜","2","2"
"泯","2","2"
"铼","2","2"
"磴","2","1"
"钣","2","1"
"忿","2","1"
"潍","2","2"
"裳","2","2"
"貂","2","2"
"袄","2","2"
"疣","2","2"
"烊","2","2"
"纓","2","2"
"讴","2","1"
"汞","2","2"
"揾","2","1"
"拣","2","2"
"鳀","2","2"
"裨","2","2"
"陞","2","2"
"濯","2","2"
"惴","2","1"
"腩","2","1"
"啓","2","2"
"珮","2","2"
"怦","2","2"
"掴","2","2"
"铵","2","2"
"忾","2","2"
"荳","2","1"
"琰","2","2"
"餸","2","2"
"腱","2","2"
"惦","2","2"
"纭","2","2"
"嫖","2","2"
"娆","2","2"
"轼","2","2"
"潦","2","2"
"匕","2","2"
"忐","2","2"
"忑","2","2"
"囹","2","2"
"圄","2","2"
"缄","2","2"
"甬","2","2"
"喔","2","2"
"腋","2","1"
"贻","2","2"
"邡","2","1"
"薅","2","2"
"恫","2","2"
"亵","2","2"
"瘁","2","2"
"萩","2","2"
"痹","2","2"
"臊","2","2"
"堃","2","2"
"嗝","2","2"
"砒","2","1"
"镯","2","1"
"拄","2","2"
"畸","2","2"
"筠","2","2"
"铰","2","2"
"锉","2","2"
"鳟","2","2"
"滂","2","2"
"螭","2","2"
"惚","2","1"
"玖","2","2"
"吝","2","2"
"鲲","2","2"
"睬","2","2"
"脷","2","1"
"懵","2","2"
"啼","2","2"
"恹","2","1"
"秣","2","2"
"瞳","2","2"
"钚","2","2"
"脾","2","2"
"劵","2","1"
"暌","2","2"
"镬","2","2"
"熾","2","2"
"闫","2","2"
"哒","2","2"
"刁","2","1"
"碲","2","2"
"蓥","2","2"
"锵","2","2"
"娓","2","1"
"盜","2","2"
"熨","2","2"
"羲","2","2"
"绮","2","2"
"榭","2","1"
"鲔","2","1"
"阎","2","2"
"黝","2","2"
"揀","2","2"
"糍","2","2"
"燭","2","2"
"溧","2","2"
"聿","2","2"
"疱","2","1"
"姝","2","2"
"睾","2","1"
"晸","2","1"
"镌","2","2"
"铮","2","1"
"榷","2","2"
"髯","2","2"
"揪","2","2"
"苒","2","1"
"谘","2","2"
"眩","2","2"
"靛","2","2"
"怯","2","2"
"叽","2","1"
"喳","2","1"
"鍾","2","2"
"歆","2","2"
"汙","2","2"
"砌","2","2"
"膩","2","2"
"菩","2","2"
"牦","2","2"
"牍","2","2"
"楹","2","2"
"锏","2","2"
"懊","2","2"
"嚏","2","2"
"軋","2","1"
"嗡","2","2"
"鍶","2","1"
"陂","2","2"
"筐","2","2"
"鵰","2","1"
"卣","2","2"
"頰","2","2"
"讬","2","2"
"埗","2","2"
"蘢","2","2"
"躚","2","2"
"扉","2","2"
"脳","2","1"
"螄","2","1"
"蹺","2","2"
"嵐","2","2"
"拎","2","2"
"涪","2","2"
"擲","2","2"
"漣","2","2"
"縹","2","2"
"緲","2","2"
"偌","2","2"
"淞","2","2"
"墾","2","2"
"叄","2","1"
"鹬","2","1"
"玥","2","2"
"蒿","2","2"
"騁","2","2"
"餮","2","1"
"岜","2","1"
"匾","2","2"
"暈","2","2"
"窈","2","2"
"窕","2","2"
"撣","2","2"
"衊","2","2"
"猷","2","1"
"煜","2","2"
"遐","2","2"
"攙","2","2"
"洶","2","2"
"鐫","2","2"
"邛","2","2"
"踴","2","2"
"籟","2","1"
"軾","2","2"
"曠","2","2"
"詼","2","2"
"鶩","2","2"
"勻","2","2"
"鈞","2","2"
"嫻","2","2"
"棂","2","2"
"霁","2","2"
"唆","2","1"
"岱","2","2"
"矯","2","2"
"釗","2","1"
"仡","2","2"
"聋","2","2"
"佴","2","1"
"遒","2","2"
"啾","2","1"
"殮","2","1"
"磧","2","1"
"鏟","2","2"
"饃","2","1"
"雉","2","2"
"驴","2","2"
"侶","2","2"
"缎","2","2"
"畹","2","1"
"喹","2","1"
"簾","2","2"
"噶","2","2"
"飢","2","1"
"鹫","2","2"
"陜","2","2"
"瑯","2","1"
"峒","2","2"
"蛐","2","1"
"瘧","2","1"
"謬","2","2"
"膚","2","2"
"菡","2","2"
"慾","2","2"
"嘰","2","1"
"裊","2","1"
"礫","2","1"
"銻","2","1"
"蓟","2","1"
"斬","2","2"
"詆","2","2"
"鄒","2","1"
"篓","2","2"
"鑣","2","2"
"堊","2","1"
"镛","2","1"
"鳅","2","1"
"垸","2","2"
"脩","2","1"
"澇","2","2"
"鵙","2","1"
"鹛","2","1"
"吆","2","2"
"綽","2","1"
"溟","2","1"
"泱","2","1"
"谆","2","1"
"蒯","2","1"
"綦","2","1"
"蕨","2","1"
"埭","2","1"
"薙","2","1"
"胴","2","1"
"餞","2","1"
"缮","2","2"
"炯","2","1"
"瀘","2","2"
"珅","2","2"
"縈","2","2"
"霭","2","2"
"鴟","2","1"
"嵊","2","1"
"藺","2","1"
"汊","2","1"
"崧","2","1"
"礑","2","2"
"辕","2","2"
"鋤","1","1"
"茯","1","1"
"饢","1","1"
"斎","1","1"
"纡","1","1"
"皋","1","1"
"饞","1","1"
"阡","1","1"
"痿","1","1"
"徜","1","1"
"徉","1","1"
"泮","1","1"
"唑","1","1"
"屍","1","1"
"衙","1","1"
"啕","1","1"
"囂","1","1"
"苇","1","1"
"崴","1","1"
"蔼","1","1"
"觋","1","1"
"抡","1","1"
"邋","1","1"
"遢","1","1"
"浬","1","1"
"驹","1","1"
"痤","1","1"
"嗷","1","1"
"厥","1","1"
"蚺","1","1"
"詛","1","1"
"踔","1","1"
"冼","1","1"
"洹","1","1"
"襬","1","1"
"沥","1","1"
"醍","1","1"
"醐","1","1"
"揹","1","1"
"噼","1","1"
"啪","1","1"
"皿","1","1"
"醺","1","1"
"嘅","1","1"
"蛆","1","1"
"蠕","1","1"
"螨","1","1"
"龖","1","1"
"龘","1","1"
"岷","1","1"
"杴","1","1"
"莴","1","1"
"澍","1","1"
"嵙","1","1"
"谵","1","1"
"锱","1","1"
"烜","1","1"
"鱁","1","1"
"鮧","1","1"
"嶄","1","1"
"眞","1","1"
"斉","1","1"
"銑","1","1"
"枷","1","1"
"桀","1","1"
"骜","1","1"
"獼","1","1"
"坜","1","1"
"傀","1","1"
"儡","1","1"
"擒","1","1"
"嚨","1","1"
"觊","1","1"
"觎","1","1"
"谲","1","1"
"頹","1","1"
"菸","1","1"
"颦","1","1"
"鐠","1","1"
"鉈","1","1"
"畑","1","1"
"枹","1","1"
"櫟","1","1"
"掮","1","1"
"訛","1","1"
"蚵","1","1"
"慚","1","1"
"孺","1","1"
"傚","1","1"
"瑣","1","1"
"愕","1","1"
"颧","1","1"
"廋","1","1"
"卦","1","1"
"笞","1","1"
"掸","1","1"
"窨","1","1"
"讥","1","1"
"诮","1","1"
"傭","1","1"
"赳","1","1"
"辻","1","1"
"鬲","1","1"
"鈁","1","1"
"隽","1","1"
"諉","1","1"
"佃","1","1"
"诹","1","1"
"诙","1","1"
"骐","1","1"
"巽","1","1"
"讦","1","1"
"龚","1","1"
"蹩","1","1"
"诃","1","1"
"鲈","1","1"
"啖","1","1"
"耙","1","1"
"锶","1","1"
"掼","1","1"
"噎","1","1"
"踮","1","1"
"殁","1","1"
"氩","1","1"
"滦","1","1"
"沌","1","1"
"踌","1","1"
"躇","1","1"
"澗","1","1"
"鶯","1","1"
"鉾","1","1"
"氾","1","1"
"奂","1","1"
"橿","1","1"
"鳜","1","1"
"罵","1","1"
"碁","1","1"
"鮨","1","1"
"烨","1","1"
"疡","1","1"
"跆","1","1"
"枭","1","1"
"蚤","1","1"
"蟾","1","1"
"蜍","1","1"
"蘸","1","1"
"岘","1","1"
"墳","1","1"
"觚","1","1"
"蛹","1","1"
"殓","1","1"
"谏","1","1"
"伥","1","1"
"犍","1","1"
"珏","1","1"
"嘧","1","1"
"啶","1","1"
"胛","1","1"
"渕","1","1"
"塙","1","1"
"藓","1","1"
"泞","1","1"
"鲶","1","1"
"馀","1","1"
"懦","1","1"
"漯","1","1"
"仞","1","1"
"椐","1","1"
"笺","1","1"
"阉","1","1"
"怆","1","1"
"纂","1","1"
"洮","1","1"
"錘","1","1"
"妊","1","1"
"娠","1","1"
"魇","1","1"
"艮","1","1"
"拚","1","1"
"缱","1","1"
"绻","1","1"
"滢","1","1"
"瀛","1","1"
"箝","1","1"
"鸢","1","1"
"滷","1","1"
"佇","1","1"
"跛","1","1"
"聂","1","1"
"糜","1","1"
"茎","1","1"
"砺","1","1"
"驢","1","1"
"蝎","1","1"
"搀","1","1"
"儼","1","1"
"慫","1","1"
"恿","1","1"
"佶","1","1"
"叵","1","1"
"胪","1","1"
"玷","1","1"
"俚","1","1"
"嶋","1","1"
"绛","1","1"
"溷","1","1"
"缛","1","1"
"桉","1","1"
"禺","1","1"
"楯","1","1"
"筵","1","1"
"骊","1","1"
"獠","1","1"
"阆","1","1"
"啮","1","1"
"钌","1","1"
"匱","1","1"
"卺","1","1"
"胱","1","1"
"妍","1","1"
"袈","1","1"
"裟","1","1"
"蒨","1","1"
"恃","1","1"
"拴","1","1"
"綑","1","1"
"栉","1","1"
"脇","1","1"
"糅","1","1"
"帼","1","1"
"骅","1","1"
"楽","1","1"
"缬","1","1"
"闵","1","1"
"奚","1","1"
"袅","1","1"
"殒","1","1"
"俳","1","1"
"惰","1","1"
"郏","1","1"
"蚌","1","1"
"仨","1","1"
"荠","1","1"
"妲","1","1"
"渼","1","1"
"藐","1","1"
"栢","1","1"
"琨","1","1"
"狡","1","1"
"猾","1","1"
"痰","1","1"
"鉚","1","1"
"襖","1","1"
"腈","1","1"
"扪","1","1"
"稙","1","1"
"氙","1","1"
"钲","1","1"
"铈","1","1"
"顼","1","1"
"馄","1","1"
"饨","1","1"
"捋","1","1"
"黜","1","1"
"甭","1","1"
"佝","1","1"
"偻","1","1"
"硃","1","1"
"厠","1","1"
"缇","1","1"
"馁","1","1"
"蒗","1","1"
"儋","1","1"
"诏","1","1"
"骞","1","1"
"枞","1","1"
"戊","1","1"
"鎢","1","1"
"鉍","1","1"
"銦","1","1"
"増","1","1"
"铋","1","1"
"贮","1","1"
"劄","1","1"
"諡","1","1"
"鞄","1","1"
"賊","1","1"
"媧","1","1"
"薺","1","1"
"摈","1","1"
"拗","1","1"
"跺","1","1"
"诣","1","1"
"囝","1","1"
"孀","1","1"
"耆","1","1"
"铑","1","1"
"镊","1","1"
"侪","1","1"
"疴","1","1"
"鼾","1","1"
"珑","1","1"
"赘","1","1"
"悶","1","1"
"涕","1","1"
"滙","1","1"
"鹘","1","1"
"糗","1","1"
"詝","1","1"
"檎","1","1"
"芫","1","1"
"荽","1","1"
"甯","1","1"
"殇","1","1"
"鎌","1","1"
"苓","1","1"
"幂","1","1"
"甄","1","1"
"嘈","1","1"
"烬","1","1"
"猥","1","1"
"啬","1","1"
"蹭","1","1"
"旳","1","1"
"挞","1","1"
"姣","1","1"
"渋","1","1"
"膛","1","1"
"惇","1","1"
"攢","1","1"
"诅","1","1"
"憔","1","1"
"悴","1","1"
"硯","1","1"
"踟","1","1"
"蹰","1","1"
"痉","1","1"
"挛","1","1"
"揖","1","1"
"诩","1","1"
"椋","1","1"
"疚","1","1"
"讷","1","1"
"皲","1","1"
"寞","1","1"
"懑","1","1"
"钒","1","1"
"怂","1","1"
"恺","1","1"
"箜","1","1"
"篌","1","1"
"砰","1","1"
"隕","1","1"
"訶","1","1"
"盥","1","1"
"佰","1","1"
"瓴","1","1"
"澧","1","1"
"赊","1","1"
"裾","1","1"
"侬","1","1"
"粛","1","1"
"儂","1","1"
"猬","1","1"
"炕","1","1"
"廿","1","1"
"囑","1","1"
"沆","1","1"
"碭","1","1"
"裱","1","1"
"捺","1","1"
"誡","1","1"
"邕","1","1"
"糰","1","1"
"膊","1","1"
"罍","1","1"
"顰","1","1"
"脍","1","1"
"歎","1","1"
"溏","1","1"
"濰","1","1"
"嗦","1","1"
"弔","1","1"
"跷","1","1"
"髻","1","1"
"棗","1","1"
"粳","1","1"
"啞","1","1"
"踅","1","1"
"潞","1","1"
"嬷","1","1"
"镐","1","1"
"瞥","1","1"
"猢","1","1"
"弶","1","1"
"靥","1","1"
"贖","1","1"
"曇","1","1"
"蕎","1","1"
"汆","1","1"
"鳡","1","1"
"佚","1","1"
"愷","1","1"
"焐","1","1"
"驟","1","1"
"鯊","1","1"
"舸","1","1"
"鸮","1","1"
"娑","1","1"
"褫","1","1"
"鹌","1","1"
"鹑","1","1"
"鑿","1","1"
"騫","1","1"
"閡","1","1"
"廁","1","1"
"劬","1","1"
"愴","1","1"
"鈺","1","1"
"濺","1","1"
"鵜","1","1"
"鶘","1","1"
"痼","1","1"
"鯰","1","1"
"搗","1","1"
"珵","1","1"
"沅","1","1"
"覬","1","1"
"覦","1","1"
"倔","1","1"
"膺","1","1"
"寝","1","1"
"锹","1","1"
"儺","1","1"
"穌","1","1"
"嗖","1","1"
"桅","1","1"
"醞","1","1"
"尷","1","1"
"鑾","1","1"
"踹","1","1"
"宸","1","1"
"撆","1","1"
"熒","1","1"
"哟","1","1"
"赓","1","1"
"噌","1","1"
"曜","1","1"
"蜉","1","1"
"蝣","1","1"
"剷","1","1"
"卒","1","1"
"愾","1","1"
"觴","1","1"
"啰","1","1"
"婀","1","1"
"烝","1","1"
"鄞","1","1"
"嶗","1","1"
"蕙","1","1"
"憚","1","1"
"迩","1","1"
"瑤","1","1"
"辮","1","1"
"膦","1","1"
"箋","1","1"
"碴","1","1"
"巋","1","1"
"蟠","1","1"
"檜","1","1"
"鄯","1","1"
"竇","1","1"
"馱","1","1"
"粟","1","1"
"閔","1","1"
"譁","1","1"
"寢","1","1"
"緙","1","1"
"蓀","1","1"
"罡","1","1"
"茱","1","1"
"萸","1","1"
"梽","1","1"
"戌","1","1"
"暱","1","1"
"醴","1","1"
"佘","1","1"
"龔","1","1"
"炁","1","1"
"卞","1","1"
"蔵","1","1"
"懋","1","1"
"昺","1","1"
"鏗","1","1"
"鏘","1","1"
"槤","1","1"
"锢","1","1"
"蟶","1","1"
"覧","1","1"
"鴛","1","1"
"鴦","1","1"
"鉞","1","1"
"黍","1","1"
"桎","1","1"
"梏","1","1"
"聶","1","1"
"邇","1","1"
"淅","1","1"
"瀝","1","1"
"醪","1","1"
"莖","1","1"
"嗟","1","1"
"摹","1","1"
"悽","1","1"
"喃","1","1"
"鈾","1","1"
"碉","1","1"
"鄲","1","1"
"楫","1","1"
"莅","1","1"
"岬","1","1"
"芍","1","1"
"囯","1","1"
"筏","1","1"
"惘","1","1"
"諺","1","1"
"孿","1","1"
"羿","1","1"
"蹁","1","1"
"泜","1","1"
"鸛","1","1"
"锨","1","1"
"諭","1","1"
"嘍","1","1"
"蠶","1","1"
"歿","1","1"
"禍","1","1"
"潁","1","1"
"懺","1","1"
"葩","1","1"
"篠","1","1"
"捶","1","1"
"紉","1","1"
"懟","1","1"
"氆","1","1"
"氌","1","1"
"浹","1","1"
"琹","1","1"
"陇","1","1"
"喲","1","1"
"瑄","1","1"
"繆","1","1"
"洸","1","1"
"幔","1","1"
"澆","1","1"
"屐","1","1"
"嶙","1","1"
"峋","1","1"
"篁","1","1"
"萏","1","1"
"呎","1","1"
"枱","1","1"
"熘","1","1"
"巿","1","1"
"貞","1","1"
"钡","1","1"
"斃","1","1"
"缦","1","1"
"枇","1","1"
"杷","1","1"
"蔦","1","1"
"娼","1","1"
"偎","1","1"
"烴","1","1"
"涠","1","1"
"哑","1","1"
"呻","1","1"
"倏","1","1"
"蝾","1","1"
"螈","1","1"
"賤","1","1"
"嘢","1","1"
"殚","1","1"
"瓏","1","1"
"尕","1","1"
"潿","1","1"
"鱷","1","1"
"葆","1","1"
"郓","1","1"
"薈","1","1"
"殤","1","1"
"囪","1","1"
"鬚","1","1"
"淥","1","1"
"鳖","1","1"
"謫","1","1"
"亙","1","1"
"疋","1","1"
"藹","1","1"
"氂","1","1"
"蜩","1","1"
"茗","1","1"
"漕","1","1"
"閨","1","1"
"褂","1","1"
"磡","1","1"
"啲","1","1"
"嚄","1","1"
"饈","1","1"
"紜","1","1"
"蕲","1","1"
"葳","1","1"
"蕤","1","1"
"潯","1","1"
"薊","1","1"
"垚","1","1"
"嚿","1","1"
"奼","1","1"
"氓","1","1"
"餡","1","1"
"楣","1","1"
"醃","1","1"
"賡","1","1"
"滘","1","1"
"鯔","1","1"
"鱉","1","1"
"緞","1","1"
"撅","1","1"
"臀","1","1"
"眸","1","1"
"燧","1","1"
"雛","1","1"
"鸚","1","1"
"鵡","1","1"
"绦","1","1"
"栾","1","1"
"鐧","1","1"
"鉉","1","1"
"馔","1","1"
"簷","1","1"
"滻","1","1"
"灞","1","1"
"弜","1","1"
"鲃","1","1"
"隍","1","1"
"癡","1","1"
"镣","1","1"
"濛","1","1"
"糞","1","1"
"挾","1","1"
"璜","1","1"
"粄","1","1"
"烩","1","1"
"胗","1","1"
"鄠","1","1"
"燁","1","1"
"燜","1","1"
"膾","1","1"
"鬢","1","1"
"奐","1","1"
"硏","1","1"
"噢","1","1"
"簏","1","1"
"謇","1","1"
"猙","1","1"
"獰","1","1"
"喰","1","1"
"嘞","1","1"
"霑","1","1"
"懶","1","1"
"楸","1","1"
"燻","1","1"
"噻","1","1"
"嗪","1","1"
"翊","1","1"
"纶","1","1"
"箩","1","1"
"暾","1","1"
"渑","1","1"
