traditional,simplified
,唇
,唠
,唢
,唤
,啖
,啧
,啬
,啰
,啸
,喂
,喷
,嗑
,嘘
,嘤
,嘱
,堃
,堑
,堕
,壳
,壶
,夹
,奎
,奚
,奸
,妊
,妍
,妒
,妓
,妖
,妗
,妨
,姗
,姝
,姣
,姪
,娄
,娅
,娆
,娇
,娓
,娠
,娣
,娩
,娱
,娴
,娶
,娼
,婀
,婞
,婧
,婪
,婴
,婵
,媚
,嫂
,嫉
,孚
,寰
,尕
,尘
,尧
,尬
,尴
,尸
,屉
,届
,屐
,屡
,岂
,岌
,岘
,峇
,峋
,峙
,峦
,巩
,巫
,巽
,帼
,彦
,彻
,徕
,忱
,忾
,怂
,怜
,怠
,怦
,恃
,恙
,恣
,恬
,恵
,恶
,恹
,悖
,悦
,悴
,愕
,愣
,抛
,抠
,护
,抨
,拄
,拌
,拗
,拙
,拮
,拯
,拴
,拷
,拽
,挂
,挚
,挛
,挝
,挞
,挟
,挠
,挣
,挥
,捂
,捅
,捆
,捋
,捎
,捞
,损
,捡
,换
,掬
,掮
,掰
,掳
,掴
,掷
,掸
,掺
,掼
,揉
,揖
,揪
,揺
,揽
,揾
,搀
,搁
,搅
,摄
,摇
,摈
,摊
,摒
,撅
,撇
,撑
,撕
,撮
,撰
,擀
,擘
,攒
,攫
,攸
,敛
,敝
,敷
,斓
,斟
,斡
,旷
,昕
,昙
,昵
,昶
,昼
,显
,晒
,晓
,晕
,晖
,晦
,暄
,暌
,暾
,朦
,杖
,杞
,杠
,杪
,杰
,杷
,枇
,枉
,枞
,枢
,枣
,枭
,枱
,枷
,枸
,柑
,柜
,柠
,柩
,栃
,栅
,栓
,栖
,栢
,栾
,桀
,桉
,桎
,档
,桧
,桨
,桩
,梏
,棨
,椋
,椐
,椪
,椭
,楠
,楯
,楷
,楸
,楽
,榄
,榈
,槛
,槟
,槿
,横
,橱
,橿
,檬
,歼
,殁
,殃
,殇
,残
,殒
,殓
,殡
,殴
,毂
,氾
,汙
,汞
,汹
,沌
,沐
,沛
,沟
,沪
,沮
,沱
,沾
,泌
,泓
,泞
,泮
,泯
,泸
,洁
,洒
,洩
,洹
,洼
,浅
,浆
,浇
,浊
,浣
,涎
,涕
,涛
,涝
,涟
,涠
,涡
,涤
,润
,涩
,涿
,淆
,淖
,淞
,淫
,淬
,淮
,渊
,渋
,渌
,渍
,渎
,渕
,渗
,渥
,温
,渭
,渺
,渼
,湾
,湿
,溃
,溉
,溥
,溧
,滁
,滂
,滚
,滝
,满
,滢
,滤
,滥
,滦
,滨
,滩
,漉
,漩
,漱
,潇
,潍
,潜
,潢
,潦
,潼
,澍
,澜
,濑
,濒
,灶
,灿
,炉
,炊
,炖
,炜
,炯
,炼
,炽
,烁
,烂
,烊
,烘
,烙
,烜
,烦
,烧
,烨
,烩
,烫
,烬
,焕
,焗
,焙
,熨
,爷
,牍
,犹
,狄
,狈
,狙
,狞
,狠
,狡
,狩
,狭
,狮
,狰
,狱
,狲
,猁
,猎
,猕
,猖
,猝
,猞
,猥
,猾
,獗
,獠
,獭
,獾
,玖
,玛
,玟
,玮
,环
,珂
,珅
,珈
,珏
,珑
,珮
,珺
,琐
,琥
,琦
,琨
,琰
,琹
,琼
,瑛
,瓯
,瓴
,甄
,甭
,甯
,画
,畅
,畏
,畴
,畸
,疗
,疚
,疟
,疡
,疣
,疤
,疮
,疯
,疱
,疴
,疵
,疹
,疼
,痉
,痊
,痍
,痔
,痤
,痪
,痫
,痴
,痹
,痿
,瘀
,瘁
,瘤
,瘪
,瘫
,瘾
,癫
,癸
,皂
,皈
,皋
,皑
,皱
,皲
,皿
,盂
,盅
,盏
,盐
,监
,盖
,盗
,盥
,盹
,眈
,眩
,眯
,眷
,睁
,睒
,睦
,睬
,睽
,睾
,瞒
,矢
,矩
,矫
,矶
,矿
,码
,砌
,砖
,砚
,砝
,砥
,砰
,砷
,砾
,础
,硅
,硕
,硫
,确
,碁
,碇
,碉
,碍
,碛
,碱
,碴
,碾
,磊
,磐
,磡
,磺
,礑
,礼
,祇
,祎
,祐
,祕
,祛
,祠
,祯
,祷
,祸
,祺
,禀
,禄
,禅
,禧
,禹
,禺
,秃
,种
,秣
,秽
,稔
,稙
,稚
,穴
,穷
,窃
,窈
,窍
,窑
,窒
,窕
,窖
,窘
,窜
,窝
,窥
,窦
,窨
,窪
,窿
,竖
,竞
,笃
,笋
,笔
,笛
,笞
,笠
,笨
,笹
,笺
,笼
,筏
,筐
,筑
,筛
,筝
,筱
,筵
,筹
,简
,箍
,箝
,箩
,箬
,篆
,篓
,篪
,籁
,类
,粄
,粕
,粛
,粤
,粥
,粪
,粮
,粿
,糅
,糗
,糙
,糜
,系
,绫
,绮
,绯
,维
,绶
,绷
,缄
,缅
,缇
,缈
,缉
,缎
,缔
,编
,缚
,缛
,缪
,缰
,缸
,罹
,羁
,羞
,羡
,羹
,羿
,翘
,翟
,翡
,耄
,耆
,耋
,耘
,耙
,耦
,耸
,耻
,耽
,聂
,聋
,聿
,肃
,肋
,肚
,肠
,肤
,肪
,肮
,肾
,肿
,胀
,胁
,胆
,胗
,胚
,胛
,胧
,胪
,胱
,胳
,脉
,脏
,脐
,艮
,芜
,芡
,芦
,苒
,苓
,苛
,苞
,苟
,苯
,茁
,茄
,茜
,茧
,茸
,荆
,荐
,荚
,荟
,荠
,荣
,荧
,荫
,药
,荳
,莅
,莆
,莒
,莠
,莪
,莱
,觅
,觋
,觑
,讣
,讥
,讦
,讳
,讴
,讷
,讹
,诃
,诏
,诟
,诠
,诡
,询
,诣
,诧
,诩
,诫
,诬
,诮
,误
,诱
,诵
,诹
,诽
,谆
,谍
,谏
,谒
,谕
,谘
,谙
,谚
,谛
,谤
,谩
,谲
,谵
,败
,贮
,贻
,贼
,贿
,赂
,赃
,赈
,赊
,赐
,赘
,赝
,赢
,踌
,蹒
,躏
,轧
,轭
,轰
,轶
,辄
,辍
,辕
,辗
,辙
,辞
,辩
,邝
,郏
,郓
,酝
,钉
,钌
,钍
,钒
,钚
,钝
,钡
,钣
,钦
,钨
,钮
,钲
,钳
,钵
,钾
,铆
,铈
,铌
,铎
,铐
,铑
,铟
,铠
,铡
,铤
,铬
,铮
,铯
,铰
,铱
,铵
,铼
,铽
,锈
,锉
,锕
,锗
,锚
,锢
,锤
,锥
,锯
,锱
,锶
,镀
,镁
,镊
,镕
,镛
,镝
,镬
,镭
,镯
,长
,闫
,问
,闰
,闷
,闹
,阆
,阎
,阙
,阳
,陨
,隽
,雳
,雹
,雾
,霁
,霭
,韧
,韩
,韬
,页
,顶
,顷
,项
,顺
,须
,顼
,顽
,顾
,顿
,颁
,颂
,预
,颅
,领
,颇
,颈
,颊
,颐
,频
,颓
,颖
,颗
,颜
,额
,颠
,颤
,颧
,馋
,馔
,馕
,驴
,驿
,骁
,骂
,骅
,骇
,骐
,骜
,骡
,骤
,髅
,鲃
,鲇
,鲈
,鲟
,鲣
,鲭
,鲱
,鲷
,鳀
,鳄
,鳅
,鳔
,鳝
,鳟
,鸠
,鸢
,鸵
,鹃
,鹘
,鹛
,鹦
,鹫
,黙
,齿
,龄
,龈
㝠,冥
一,
丁,
七,
丈,
三,
上,
下,
不,
丐,
且,
世,
丘,
丙,
丟,丢
並,并
丨,
丫,
中,
串,
丸,
丹,
主,
乃,
久,
之,
乍,
乎,
乏,
乒,
乓,
乖,
乘,
乙,
九,
乞,
也,
乳,
乾,干
亂,乱
了,
予,
事,
二,
互,
五,
井,
亙,亘
些,
亞,亚
亟,
亡,
亢,
交,
亥,
亦,
亨,
享,
京,
亭,
亮,
人,
仁,
仇,
今,
介,
仍,
仔,
仕,
他,
仗,
付,
仙,
仞,
仟,
仡,
代,
令,
以,
仨,
仰,
仲,
件,
任,
份,
仿,
企,
伉,
伊,
伍,
伎,
伏,
伐,
休,
伯,
估,
伴,
伸,
伺,
似,
伽,
佃,
但,
佇,伫
佈,
位,
低,
住,
佐,
佑,
佔,
何,
佘,
余,
佚,
佛,
作,
佝,
你,
佣,
佤,
佩,
佬,
佰,
佳,
佴,
併,
佼,
使,
侃,
侄,
來,
侈,
例,
侍,
侏,
侖,
侗,
供,
依,
侣,
侥,
侮,
侯,
侵,
侶,
便,
係,
促,
俄,
俊,
俏,
俐,
俑,
俗,
俘,
俚,
保,
俞,
俠,侠
信,
修,
俯,
俱,
俳,
俵,
俾,
倀,伥
倆,俩
倉,仓
個,个
倍,
倏,
們,们
倒,
倔,
倖,
倘,
候,
倚,
借,
倡,
倣,
倦,
倩,
倪,
倫,伦
值,
假,
偉,伟
偌,
偎,
偏,
偕,
做,
停,
健,
側,侧
偵,侦
偶,
偷,
偽,伪
傀,
傅,
傈,
傍,
傑,
傘,伞
備,备
傚,
傢,
傣,
催,
傭,
傲,
傳,传
債,债
傷,伤
傻,
傾,倾
僂,偻
僅,仅
像,
僑,侨
僕,仆
僚,
僧,
僱,
僳,
僵,
價,价
僻,
儀,仪
儂,侬
億,亿
儉,俭
儋,
儒,
儕,侪
儘,尽
償,偿
儡,
優,优
儲,储
儷,俪
儺,
儼,俨
兀,
允,
元,
兄,
充,
兆,
兇,凶
先,
光,
克,
兌,
免,
兑,
兒,儿
兔,
兜,
兢,
入,
內,内
全,
兩,两
八,
公,
六,
兮,
共,
兵,
其,
具,
典,
兼,
冀,
冉,
冊,册
再,
冒,
冕,
冗,
冠,
冢,
冬,
冰,
决,
况,
冶,
冷,
冼,
冽,
凇,
凈,
凋,
凌,
凍,冻
减,
凖,准
凜,凛
凝,
凡,
凰,
凱,凯
凳,
凸,
凹,
出,
函,
刀,
刃,
分,
切,
刈,
刊,
刑,
列,
初,
判,
別,
刨,
利,
刪,删
别,
刮,
到,
制,
刷,
券,
刺,
刻,
剁,
剃,
則,则
削,
前,
剎,刹
剔,
剖,
剛,刚
剝,剥
剩,
剪,
副,
割,
創,创
剷,
剿,
劃,划
劇,剧
劈,
劉,刘
劍,剑
劑,剂
力,
功,
加,
劣,
助,
努,
劫,
劬,
劵,
劼,
劾,
勁,劲
勃,
勇,
勉,
勐,
勒,
動,动
勘,
務,务
勛,勋
勝,胜
勞,劳
募,
勢,势
勤,
勳,勋
勵,励
勸,劝
勺,
勻,匀
勾,
勿,
包,
匆,
匈,
匕,
化,
北,
匙,
匠,
匡,
匣,
匪,
匯,汇
匱,匮
匹,
匾,
匿,
區,区
十,
千,
升,
午,
卉,
半,
卑,
卒,
卓,
協,协
南,
博,
卜,
卞,
占,
卡,
卣,
卦,
卯,
印,
危,
即,
卵,
卷,
卸,
卺,
卻,却
卿,
厄,
厚,
厝,
原,
厠,厕
厥,
厭,厌
厮,
厲,厉
去,
參,叁
參,参
叄,叁
又,
叉,
及,
友,
反,
叒,
叔,
叕,
取,
受,
叛,
叠,
叢,丛
口,
古,
句,
另,
叨,
叩,
只,
叫,
召,
叭,
叮,
可,
叱,
史,
右,
叵,
司,
叻,
叼,
吁,
吃,
各,
吆,
合,
吉,
吊,
吋,
同,
名,
后,
吏,
吐,
向,
吒,
君,
吝,
吞,
吟,
吠,
否,
吧,
含,
吱,
吳,吴
吵,
吶,呐
吸,
吹,
吻,
吼,
吾,
呀,
呂,吕
呆,
呈,
告,
呎,
呢,
呦,
周,
呱,
味,
呵,
呷,
呻,
呼,
命,
咀,
咂,
咄,
咆,
咋,
和,
咎,
咒,
咔,
咕,
咖,
咚,
咤,
咧,
咨,
咩,
咪,
咫,
咬,
咯,
咱,
咳,
咸,
咽,
哀,
品,
哄,
哆,
哇,
哈,
哉,
哎,
員,员
哥,
哦,
哨,
哩,
哪,
哭,
哮,
哲,
哺,
哽,
唁,
唄,呗
唆,
唏,
唐,
唑,
唬,
售,
唯,
唱,
唳,
唾,
啃,
商,
啊,
問,
啓,启
啕,
啞,哑
啟,
啡,
啤,
啥,
啦,
啪,
啲,
啶,
啼,
啾,
喀,
喃,
善,
喆,
喇,
喉,
喊,
喋,
喔,
喘,
喙,
喚,
喜,
喝,
喧,
喪,丧
喬,乔
單,单
喰,
喱,
喲,哟
喳,
喵,
喹,
喻,
嗅,
嗆,呛
嗎,吗
嗓,
嗖,
嗚,呜
嗜,
嗝,
嗟,
嗡,
嗣,
嗨,
嗩,
嗪,
嗯,
嗶,哔
嗽,
嘆,叹
嘈,
嘉,
嘍,
嘎,
嘔,呕
嘗,尝
嘛,
嘞,
嘟,
嘧,
嘩,哗
嘯,
嘰,叽
嘲,
嘴,
嘹,
嘻,
嘿,
噎,
噠,哒
噢,
噤,
器,
噩,
噪,
噬,
噱,
噴,
噶,
噸,吨
噻,
噼,
嚄,
嚇,吓
嚎,
嚏,
嚐,
嚓,
嚨,咙
嚮,
嚴,严
嚼,
嚿,
囂,嚣
囊,
囚,
四,
囝,
回,
因,
囤,
囧,
囪,
困,
囹,
固,
圄,
圈,
國,国
圍,围
園,园
圓,圆
圖,图
團,团
圜,
土,
在,
圩,
圭,
地,
圳,
圾,
址,
坂,
均,
坊,
坍,
坎,
坐,
坑,
坡,
坤,
坦,
坪,
坷,
垂,
垃,
型,
垚,
垠,
垣,
垮,
垸,
埂,
埃,
埋,
城,
埔,
埕,
埗,
域,
埠,
執,执
埸,
培,
基,
埼,
堀,
堂,
堅,坚
堆,
堊,垩
堡,
堤,
堪,
堰,
報,报
場,场
堵,
堺,
塊,块
塌,
塑,
塔,
塗,
塘,
塙,
塚,
塞,
塢,坞
填,
塵,
塾,
境,
墅,
墊,垫
墓,
墜,坠
增,
墟,
墨,
墩,
墳,坟
墻,
墾,垦
壁,
壇,坛
壑,
壓,压
壘,垒
壞,坏
壟,垄
壢,坜
壤,
壩,坝
士,
壬,
壯,壮
壹,
壺,
壽,寿
夏,
夕,
外,
多,
夜,
夠,够
夢,梦
夥,伙
大,
天,
太,
夫,
央,
夯,
失,
夷,
夸,
夾,
奄,
奇,
奈,
奉,
奏,
奐,
契,
奔,
奕,
套,
奘,
奠,
奢,
奧,奥
奪,夺
奮,奋
女,
奴,
奶,
她,
奼,
好,
如,
妃,
妄,
妙,
妝,妆
妥,
妮,
妹,
妻,
姆,
始,
姍,
姐,
姑,
姓,
委,
姚,
姜,
姥,
姨,
姬,
姻,
姿,
威,
娃,
娑,
娘,
娛,
娜,
娟,
娥,
婆,
婉,
婚,
婦,妇
婭,
婷,
婺,
婿,
媒,
媛,
媲,
媳,
媽,妈
嫁,
嫌,
嫖,
嫣,
嫦,
嫩,
嫻,
嬉,
嬋,
嬌,
孀,
子,
孔,
孕,
字,
存,
孜,
孝,
孟,
孢,
季,
孤,
孩,
孫,孙
孰,
孵,
學,学
孺,
孿,
它,
宅,
宇,
守,
安,
宋,
完,
宏,
宕,
宗,
官,
宙,
定,
宛,
宜,
客,
宣,
室,
宮,宫
宰,
害,
宴,
宵,
家,
宸,
容,
宿,
寂,
寃,冤
寄,
寅,
密,
寇,
富,
寐,
寒,
寓,
寞,
察,
寡,
寢,寝
寥,
實,实
寧,宁
寨,
審,审
寫,写
寬,宽
寮,
寵,宠
寶,宝
寸,
寺,
封,
射,
將,将
專,专
尉,
尊,
尋,寻
對,对
導,导
小,
少,
尖,
尚,
尤,
就,
尷,
尹,
尺,
尼,
尾,
尿,
局,
屁,
居,
屆,
屈,
屋,
屍,
屎,
屏,
屑,
展,
屠,
屢,
層,层
履,
屬,属
屯,
山,
屹,
岐,
岑,
岔,
岜,
岡,冈
岩,
岬,
岱,
岳,
岷,
岸,
峒,
峨,
峪,
峭,
峯,
峰,
島,岛
峻,
峽,峡
崇,
崎,
崐,
崑,
崔,
崖,
崗,岗
崙,仑
崛,
崧,
崩,
崴,
崽,
嵊,
嵌,
嵐,岚
嵙,
嵩,
嶂,
嶄,崭
嶇,岖
嶋,
嶗,
嶙,
嶺,岭
嶼,屿
嶽,
巋,
巍,
巒,
巔,巅
巖,
川,
州,
巡,
巢,
工,
左,
巧,
巨,
差,
己,
已,
巳,
巴,
巷,
巾,
巿,
市,
布,
帆,
希,
帕,
帖,
帘,
帛,
帝,
帥,帅
带,
師,师
席,
帳,帐
帶,
帷,
常,
帽,
幀,帧
幂,
幅,
幌,
幔,
幕,
幟,帜
幢,
幣,币
幫,帮
平,
年,
幸,
幹,
幻,
幼,
幽,
幾,几
庇,
床,
序,
庐,
底,
店,
庚,
府,
度,
座,
庫,库
庭,
庵,
庶,
康,
庸,
廁,厕
廂,厢
廈,厦
廉,
廊,
廋,
廓,
廖,
廚,厨
廟,庙
廠,厂
廢,废
廣,广
廳,厅
延,
廷,
建,
弄,
弈,
弊,
弋,
式,
弓,
引,
弗,
弘,
弛,
弜,
弟,
弦,
弧,
弩,
弭,
弱,
張,张
弶,
強,强
彈,弹
彌,弥
彎,弯
彗,
彙,
彝,
形,
彤,
彥,
彧,
彩,
彪,
彬,
彭,
彰,
影,
彷,
役,
彼,
彿,
往,
征,
待,
很,
徊,
律,
後,
徐,
徑,径
徒,
得,
徘,
徙,
從,从
御,
復,复
循,
微,
徵,
德,
徹,
徽,
心,
必,
忌,
忍,
忐,
忑,
忒,
志,
忘,
忙,
忠,
忡,
快,
念,
忽,
忿,
怎,
怒,
怕,
怖,
思,
怡,
急,
性,
怨,
怪,
怯,
恆,恒
恍,
恐,
恕,
恢,
恤,
恨,
恩,
恪,
恫,
恭,
息,
恰,
悄,
悅,
悉,
悍,
悔,
悚,
悟,
悠,
患,
您,
悲,
悳,
悸,
悼,
情,
惇,
惋,
惑,
惕,
惘,
惚,
惜,
惟,
惠,
惡,
惦,
惰,
惱,恼
想,
惶,
惹,
惺,
愁,
愈,
愉,
意,
愚,
愛,爱
愜,惬
感,
愧,
愫,
愴,怆
愷,恺
愾,
慈,
態,态
慌,
慎,
慕,
慘,惨
慚,
慜,
慢,
慣,惯
慧,
慨,
慮,虑
慰,
慳,悭
慵,
慶,庆
慷,
慾,
憂,忧
憊,惫
憋,
憎,
憑,凭
憓,
憔,
憚,惮
憤,愤
憧,
憨,
憩,
憫,悯
憬,
憲,宪
憶,忆
憷,
憾,
懂,
懇,恳
懈,
應,应
懊,
懑,
懒,
懟,怼
懦,
懲,惩
懵,
懶,
懷,怀
懸,悬
懺,忏
懼,惧
懾,慑
懿,
戀,恋
戈,
戊,
戌,
戍,
戎,
成,
我,
戒,
或,
戚,
戛,
戟,
截,
戮,
戰,战
戲,戏
戳,
戴,
戶,户
房,
所,
扁,
扇,
手,
才,
扒,
打,
扔,
托,
扣,
扭,
扮,
扯,
扳,
扶,
批,
找,
承,
技,
抄,
抉,
把,
抑,
抒,
抓,
投,
抖,
抗,
折,
披,
抬,
抱,
抵,
抹,
押,
抽,
拂,
担,
拆,
拈,
拉,
拋,
拍,
拎,
拐,
拒,
拓,
拔,
拖,
拘,
拚,
招,
拜,
括,
拭,
拱,
拳,
拼,
拾,
拿,
持,
指,
按,
挑,
挖,
挨,
挪,
挫,
振,
挺,
挽,
挾,
捉,
捍,
捏,
捐,
捕,
捧,
捨,
捩,
捫,扪
据,
捲,
捶,
捷,
掀,
掃,扫
掄,抡
授,
掉,
掌,
掏,
掐,
排,
掖,
掘,
掛,
掠,
採,
探,
掣,
接,
控,
推,
掩,
措,
揀,拣
描,
提,
插,
揚,扬
換,
握,
揣,
揭,
揮,
援,
揹,
損,
搏,
搓,
搖,
搗,捣
搜,
搞,
搤,扼
搪,
搬,
搭,
搶,抢
携,
摃,扛
摆,
摔,
摘,
摧,
摩,
摯,
摸,
摹,
摻,
撂,
撆,
撈,
撐,
撒,
撞,
撣,
撤,
撥,拨
撫,抚
撬,
播,
撲,扑
撼,
撾,
撿,
擁,拥
擂,
擅,
擇,择
擊,
擋,挡
操,
擎,
擔,
據,
擠,挤
擦,
擬,拟
擰,拧
擱,
擲,
擴,扩
擺,摆
擾,扰
攀,
攏,拢
攔,拦
攘,
攙,
攜,
攝,
攤,
攪,
攬,
支,
收,
改,
攻,
放,
政,
故,
效,
敏,
救,
敖,
敗,
敘,叙
教,
敞,
敢,
散,
敦,
敬,
敲,
整,
敵,敌
數,数
斃,毙
文,
斌,
斐,
斑,
斕,
料,
斜,
斤,
斥,
斧,
斬,斩
斯,
新,
斷,断
方,
於,于
施,
旁,
旅,
旋,
旎,
族,
旖,
旗,
既,
日,
旦,
旨,
早,
旬,
旭,
旱,
旳,
旺,
旻,
昂,
昆,
昇,
昊,
昌,
明,
昏,
易,
昔,
星,
映,
春,
昧,
昨,
昭,
是,
昱,
昺,
時,时
晃,
晉,晋
晏,
晚,
晝,
晟,
晤,
晨,
普,
景,
晰,
晴,
晶,
晸,
智,
晾,
暇,
暈,
暉,
暑,
暖,
暗,
暢,
暨,
暫,暂
暮,
暱,
暴,
暹,
曆,
曉,
曙,
曜,
曝,
曠,
曦,
曬,
曰,
曲,
曳,
更,
書,书
曹,
曼,
曾,
替,
最,
會,会
月,
有,
朋,
服,
朔,
朗,
望,
朝,
期,
朥,
木,
未,
末,
本,
札,
朱,
朵,
朽,
杆,
杉,
李,
杏,
材,
村,
杜,
束,
来,
杭,
杯,
東,东
松,
板,
极,
构,
析,
枕,
林,
枚,
果,
枝,
枯,
架,
枹,
柄,
柏,
某,
柒,
染,
柔,
柚,
柞,
查,
柬,
柯,
柱,
柳,
柴,
柿,
标,
栗,
校,
栩,
株,
核,
根,
格,
栽,
桁,
桂,
桃,
桅,
框,
案,
桌,
桐,
桑,
桔,
桶,
桿,
梁,
梅,
梓,
梗,
條,条
梢,
梧,
梨,
梭,
梯,
械,
梳,
梵,
梶,
梽,
棄,弃
棉,
棋,
棍,
棒,
棕,
棘,
棚,
棟,栋
棠,
棧,栈
森,
棱,
棲,
棵,
棺,
椅,
植,
椎,
椒,
椰,
楂,
楊,杨
楓,枫
楚,
楞,
楣,
楫,
業,业
楳,
極,
楹,
概,
榆,
榊,
榔,
榕,
榛,
榜,
榨,
榫,
榮,
榴,
榷,
榻,
槃,
構,
槍,枪
槐,
槓,
槤,梿
槳,
槽,
樁,
樂,乐
樊,
樋,
樑,
樓,楼
標,
樞,
樟,
模,
樣,样
樱,
樸,朴
樹,树
樺,桦
樽,
橄,
橇,
橋,桥
橘,
橙,
機,机
橡,
橫,
檎,
檐,
檔,
檜,
檢,检
檯,
檻,
櫃,
櫛,栉
櫟,
櫻,
欄,栏
權,权
欖,
欞,棂
欠,
次,
欣,
欲,
欺,
欽,
款,
歆,
歇,
歉,
歌,
歐,欧
歙,
歡,欢
止,
正,
此,
步,
武,
歧,
歪,
歲,岁
歴,
歷,历
歸,归
歹,
死,
歿,
殀,夭
殆,
殉,
殊,
殖,
殘,
殤,
殮,
殲,
段,
殷,
殺,杀
殼,
殿,
毀,毁
毅,
毋,
母,
每,
毒,
毓,
比,
毗,
毛,
毫,
毯,
毽,
氂,牦
氆,
氈,毡
氌,
氏,
民,
氓,
氖,
氙,
氚,
氛,
氟,
氣,气
氤,
氦,
氧,
氨,
氪,
氫,氢
氬,氩
氮,
氯,
氰,
氳,
水,
永,
汀,
汁,
求,
汇,
汊,
汐,
汕,
汗,
汛,
汝,
江,
池,
污,
汩,
汪,
汰,
汲,
汶,
決,
汽,
汾,
沁,
沂,
沃,
沅,
沈,
沉,
沒,
沓,
沖,冲
沙,
没,
沫,
河,
沸,
油,
治,
沼,
沽,
沿,
況,
泄,
泉,
泊,
法,
泗,
泛,
泜,
泡,
波,
泣,
泥,
注,
泪,
泰,
泱,
泳,
泵,
洄,
洋,
洗,
洙,
洛,
洞,
津,
洪,
洱,
洲,
洶,
洸,
活,
洽,
派,
流,
济,
浙,
浚,
浜,
浦,
浩,
浪,
浬,
浮,
浴,
海,
浸,
浹,
涂,
涅,
涇,泾
消,
涉,
涌,
涪,
涮,
涯,
液,
涵,
涸,
涼,凉
淀,
淄,
淅,
淇,
淋,
淌,
淑,
淘,
淚,
淡,
淤,
淥,
淨,净
淩,
淪,沦
深,
淳,
淵,
混,
淹,
淺,
添,
清,
渚,
減,
渝,
渠,
渡,
渣,
渤,
渦,
測,测
港,
渲,
渴,
游,
渾,浑
湃,
湄,
湊,凑
湍,
湖,
湘,
湛,
湟,
湧,
湯,汤
源,
準,准
溜,
溝,
溟,
溢,
溪,
溫,
溯,
溶,
溺,
滄,沧
滅,灭
滇,
滋,
滑,
滔,
滕,
滘,
滙,汇
滞,
滬,
滯,
滲,
滴,
滷,卤
滻,
滾,
滿,
漁,渔
漂,
漆,
漏,
漓,
演,
漕,
漠,
漢,汉
漣,
漪,
漫,
漲,涨
漳,
漸,渐
漾,
漿,
潁,
潑,泼
潔,
潘,
潛,
潟,
潤,
潭,
潮,
潯,
潰,
潺,
澀,
澄,
澆,
澇,
澈,
澎,
澡,
澤,泽
澱,
澳,
激,
濃,浓
濕,
濟,济
濤,
濫,
濯,
濱,
濺,溅
濾,
瀉,泻
瀋,
瀏,浏
瀑,
瀕,
瀘,
瀚,
瀛,
瀝,沥
瀟,
瀧,
瀨,
瀰,
瀾,
灌,
灑,
灕,
灘,
灞,
灣,
灤,
火,
灰,
灸,
灼,
災,灾
炁,
炎,
炒,
炙,
炫,
炬,
炭,
炮,
炳,
炸,
為,为
烈,
烏,乌
烝,
烤,
烯,
烴,
烷,
烹,
烽,
焉,
焊,
焐,
焚,
無,无
焦,
焯,
焰,
然,
煇,
煉,
煌,
煎,
煙,烟
煜,
煞,
煠,
煤,
煥,
煦,
照,
煩,
煮,
煲,
煽,
熄,
熊,
熏,
熔,
熘,
熙,
熟,
熠,
熬,
熱,热
熹,
燁,
燃,
燈,灯
燉,
燒,
燕,
燙,
燜,
營,
燥,
燦,
燧,
燭,烛
燮,
燻,
爆,
爍,
爐,
爛,
爪,
爬,
爭,争
爲,为
爵,
父,
爸,
爹,
爺,
爽,
爾,尔
牁,
牂,
牆,墙
片,
版,
牌,
牒,
牘,
牙,
牛,
牟,
牠,
牡,
牢,
牧,
物,
牲,
牵,
特,
牽,
犀,
犁,
犒,
犢,犊
犧,牺
犬,
犯,
狀,状
狂,
狍,
狐,
狗,
狸,
狹,
狼,
猙,
猛,
猜,
猢,
猩,
猴,
猶,
猷,
猿,
獁,犸
獄,
獅,
獎,奖
獨,独
獰,
獲,获
獵,
獸,兽
獺,
獻,献
獼,
玄,
率,
玉,
王,
玥,
玩,
玫,
玲,
玻,
珀,
珊,
珍,
珞,
珠,
班,
珵,
現,现
球,
琅,
理,
琉,
琢,
琪,
琳,
琴,
琵,
琶,
琺,
瑄,
瑕,
瑙,
瑚,
瑜,
瑞,
瑟,
瑤,
瑩,莹
瑪,
瑯,
瑰,
瑶,
瑾,
璀,
璃,
璐,
璜,
璞,
璧,
璨,
環,
瓊,
瓏,
瓜,
瓢,
瓣,
瓦,
瓮,
瓶,
瓷,
甘,
甚,什
甜,
生,
產,产
産,
甦,
用,
甩,
甫,
甬,
田,
由,
甲,
申,
电,
男,
甸,
町,
界,
畑,
畔,
留,
畜,
畝,亩
畢,毕
略,
番,
畫,
畬,
異,异
當,当
畹,
畿,
疆,
疇,
疊,
疋,
疏,
疑,
疫,
疲,
疾,
病,
症,
痕,
痘,
痛,
痼,
瘋,
瘓,
瘟,
瘠,
瘦,
瘧,
療,
癌,
癒,
癡,
癱,
登,
發,发
白,
百,
的,
皆,
皇,
皎,
皓,
皚,
皮,
皺,
盃,
盆,
盈,
益,
盎,
盒,
盔,
盘,
盛,
盜,
盞,
盟,
盡,尽
監,
盤,
盧,卢
盪,
目,
盯,
盲,
直,
相,
盼,
盾,
省,
眉,
看,
眞,
真,
眠,
眨,
眶,
眸,
眺,
眼,
眾,众
着,
睏,
睐,
睛,
睞,
睡,
督,
睫,
睹,
睿,
瞄,
瞠,
瞧,
瞩,
瞪,
瞬,
瞭,了
瞰,
瞳,
瞻,
矗,
矚,
矛,
矣,
知,
短,
矮,
矯,
石,
矽,
砂,
砍,
研,
砲,
破,
砸,
硏,
硝,
硬,
硼,
碌,
碎,
碑,
碗,
碟,
碧,
碩,
碰,
碳,
確,
碼,
磁,
磅,
磋,
磕,
磚,
磨,
磯,
磷,
礁,
礎,
礙,
礦,
礫,
礴,
示,
社,
祀,
祁,
祈,
祉,
祖,
祝,
神,
祥,
票,
祭,
祿,
禁,
禍,
福,
禦,
禪,
禮,
禱,
禽,
禾,
秀,
私,
秉,
秋,
科,
秒,
秘,
租,
秦,
秧,
秩,
积,
称,
移,
稀,
稅,税
程,
稍,
稜,
稞,
稠,
種,
稱,称
稳,
稻,
稽,
稿,
穀,
穆,
穌,稣
積,积
穎,
穗,
穩,
穫,
究,
穹,
空,
穿,
突,
窄,
窗,
窟,
窩,
窮,
窯,
窺,
竇,
竊,
立,
站,
竟,
章,
竣,
童,
竭,
端,
競,
竹,
竺,
竿,
笈,
笑,
笙,
符,
第,
筆,
等,
筋,
筍,
筒,
答,
策,
筷,
箋,
箔,
算,
管,
箭,
箱,
節,节
篁,
範,
篇,
築,
篝,
篠,
篡,
篩,
篱,篱
篷,
簇,
簌,
簍,
簏,
簡,
簣,篑
簧,
簪,
簷,
簸,
簽,签
簾,
簿,
籃,篮
籌,
籍,
籠,
籤,
籲,
米,
籽,
粉,
粑,
粒,
粗,
粘,
粟,
粧,
粱,
粵,
粹,
粼,
粽,
精,
糊,
糍,
糕,
糖,
糞,
糟,
糧,
糯,
糸,
系,
糾,纠
紀,纪
約,约
紅,红
紉,纫
紊,
紋,纹
納,纳
紐,纽
紓,纾
純,纯
紗,纱
紘,纮
紙,纸
級,级
紛,纷
紜,纭
素,
紡,纺
索,
紫,
紮,扎
累,
細,细
紹,绍
絀,绌
終,终
組,组
絆,绊
結,结
絕,绝
絞,绞
絡,络
絢,绚
給,给
絨,绒
絮,
統,统
絲,丝
絹,绢
綁,绑
綉,绣
綏,绥
綑,
經,经
綜,综
綠,绿
綢,绸
綦,
綫,线
維,
綱,纲
網,网
綴,缀
綸,纶
綻,绽
綽,绰
綿,绵
緊,紧
緐,繁
緒,绪
緙,缂
線,线
緝,缉
緞,缎
締,缔
緣,缘
編,编
緩,缓
緬,缅
緯,纬
緲,缈
練,练
緻,致
縈,萦
縑,缣
縣,县
縫,缝
縮,缩
縱,纵
縷,缕
縹,缥
總,总
績,绩
繆,
織,织
繕,缮
繖,伞
繚,缭
繞,绕
繡,绣
繩,绳
繪,绘
繫,击
繳,缴
繹,绎
繼,继
繽,缤
纈,缬
續,续
纍,累
纏,缠
纓,缨
纖,纤
纜,缆
纡,纡
纹,纹
缺,
缽,
罄,
罐,
罔,
罕,
罡,
罩,
罪,
置,
罰,罚
署,
罷,罢
羅,罗
羊,
羌,
美,
羔,
羚,
群,
羨,
義,义
羯,
羲,
羽,
翁,
翅,
習,习
翔,
翠,
翩,
翰,
翱,
翻,
翼,
耀,
老,
考,
者,
而,
耍,
耐,
耕,
耗,
耳,
耶,
耿,
聆,
聊,
聖,圣
聘,
聚,
聞,闻
聯,联
聰,聪
聲,声
聳,
聶,
職,职
聽,听
肅,
肆,
肇,
肉,
肌,
肖,
肘,
肛,
肝,
股,
肢,
肥,
肩,
肯,
育,
肺,
胃,
背,
胎,
胖,
胞,
胡,
胰,
胸,
胺,
能,
脂,
脅,
脆,
脇,
脈,
脊,
脖,
脞,
脩,
脫,脱
脷,
脹,胀
脾,
腆,
腈,
腊,
腋,
腌,
腎,
腐,
腔,
腕,
腥,
腦,脑
腩,
腮,
腰,
腱,
腳,脚
腸,
腹,
腺,
腿,
膀,
膏,
膚,
膛,
膜,
膝,
膠,胶
膦,
膨,
膩,腻
膳,
膺,
膻,
膽,
膾,
臀,
臂,
臃,
臆,
臉,脸
臊,
臘,
臟,
臣,
臥,卧
臨,临
自,
臭,
至,
致,
臺,台
臻,
舀,
舅,
與,与
興,兴
舉,举
舊,旧
舌,
舍,
舒,
舔,
舖,
舜,
舞,
舟,
航,
舫,
般,
舵,
舶,
舷,
舸,
船,
艇,
艘,
艙,舱
艦,舰
良,
艱,艰
色,艳
艷,
艾,
芊,
芋,
芍,
芒,
芙,
芝,
芥,
芬,
芭,
芮,
芯,
花,
芳,
芹,
芻,刍
芽,
苑,
苗,
若,
苦,
英,
茂,
范,
茅,
茉,
茗,
茨,
茫,
茱,
茲,兹
茵,
茶,
茹,
草,
荊,
荒,
荔,
荡,
荷,
荼,
莉,
莊,庄
莎,
莓,
莖,
莞,
莫,
莽,
菁,
菅,
菇,
菊,
菌,
菖,
菜,
菠,
菡,
菩,
華,华
菱,
菲,
菸,
萁,
萃,
萄,
萊,
萌,
萍,
萎,
萏,
营,
萩,
萬,万
萱,
萸,
落,
葉,叶
著,
葛,
葡,
董,
葦,苇
葩,
葫,
葬,
葳,
葵,
蒂,
蒗,
蒙,
蒜,
蒨,
蒯,
蒲,
蒸,
蒼,苍
蒿,
蓀,
蓄,
蓉,
蓊,
蓋,
蓓,
蓬,
蓮,莲
蓼,
蔑,
蔓,
蔔,
蔗,
蔚,
蔡,
蔣,蒋
蔥,葱
蔦,
蔬,
蔭,
蔷,
蔻,
蔽,
蕉,
蕊,
蕎,荞
蕙,
蕤,
蕨,
蕩,
蕪,
蕭,萧
蕲,
蕾,
薄,
薇,
薈,
薊,蓟
薑,
薛,
薦,
薩,萨
薪,
薯,
薰,
藉,
藍,蓝
藏,
藐,
藕,
藝,艺
藤,
藥,
藩,
藹,
藺,
藻,
蘆,
蘇,苏
蘊,蕴
蘋,苹
蘑,
蘚,藓
蘢,茏
蘭,兰
蘸,
蘿,萝
虎,
虐,
虔,
處,处
虛,虚
虜,虏
虞,
號,号
虧,亏
虹,
蚊,
蚣,
蚤,
蚱,
蚵,
蚶,
蚺,
蛀,
蛆,
蛇,
蛋,
蛐,
蛙,
蛛,
蛟,
蛤,
蛸,
蛹,
蛻,蜕
蛾,
蜀,
蜂,
蜃,
蜆,蚬
蜇,
蜈,
蜉,
蜊,
蜍,
蜒,
蜓,
蜘,
蜚,
蜜,
蜡,
蜢,
蜥,
蜩,
蜱,
蜴,
蜻,
蜿,
蝎,
蝕,蚀
蝗,
蝙,
蝠,
蝣,
蝦,虾
蝨,虱
蝴,
蝶,
蝸,蜗
蝾,
螂,
螃,
螄,蛳
螈,
融,
螞,蚂
螢,萤
螭,
螯,
螳,
螺,
蟀,
蟋,
蟎,螨
蟑,
蟒,
蟠,
蟬,蝉
蟲,虫
蟶,
蟹,
蟻,蚁
蟾,
蠅,蝇
蠔,蚝
蠕,
蠟,
蠢,
蠣,蛎
蠶,蚕
蠻,蛮
血,
衅,
衆,众
衊,
行,
衍,
術,术
街,
衙,
衛,卫
衝,冲
衞,卫
衡,
衢,
衣,
补,
表,
衫,
衬,
衰,
衷,
袁,
袂,
袄,
袈,
袋,
袍,
袒,
袖,
袜,
袤,
被,
袱,
裁,
裂,
裊,袅
裏,
裔,
裕,
裘,
裙,
補,
裝,装
裟,
裡,
裨,
裴,
裸,
裹,
製,
裾,
褂,
複,
褐,
褒,
褪,
褫,
褲,裤
褶,
褻,亵
襄,
襟,
襬,
襯,
襲,袭
西,
要,
覃,
覆,
見,见
規,规
覓,
視,视
覦,觎
覧,览
親,亲
覬,觊
覲,
覺,觉
覽,
觀,观
角,
解,
触,
觴,
觸,
言,
訂,订
計,计
訊,讯
討,讨
訓,训
託,讬
記,记
訝,讶
訟,讼
訣,诀
訪,访
設,设
許,许
訴,诉
診,诊
註,注
詆,诋
詐,诈
評,评
詛,诅
詝,
詞,词
詠,咏
詢,
試,试
詩,诗
詮,
話,话
該,该
詳,详
詹,
詼,诙
誇,
誌,志
認,认
誓,
誕,诞
誘,
語,语
誠,诚
誤,
說,说
説,说
誰,谁
課,课
誼,谊
調,调
談,谈
請,请
諒,谅
論,论
諜,
諧,谐
諭,
諮,
諷,讽
諸,诸
諺,
諾,诺
謀,谋
謂,谓
謇,
謊,谎
謎,谜
謐,谧
謙,谦
講,讲
謝,谢
謠,谣
謫,
謬,谬
謹,谨
譁,
證,证
識,识
譚,谭
譜,谱
警,
譬,
譯,译
議,议
譴,谴
護,
譽,誉
讀,读
變,变
讓,让
讚,
谷,
豁,
豆,
豉,
豌,
豎,
豐,丰
豔,
豚,
象,
豪,
豫,
豬,猪
豹,
貂,
貌,
貓,猫
貘,
貝,贝
貞,贞
負,负
財,财
貢,贡
貧,贫
貨,货
販,贩
貪,贪
貫,贯
責,责
貴,贵
貶,贬
買,买
貸,贷
費,费
貼,贴
貿,贸
賀,贺
賃,赁
資,资
賈,贾
賓,宾
賞,赏
賠,赔
賡,赓
賢,贤
賣,卖
賤,贱
賦,赋
質,质
賬,账
賭,赌
賴,赖
賺,赚
購,购
賽,赛
贈,赠
贊,赞
贏,
贖,赎
贛,赣
赤,
赦,
赫,
走,
赳,
赴,
起,
趁,
超,
越,
趋,
趕,赶
趙,赵
趟,
趣,
趨,
足,
趴,
趸,
趾,
跃,
跆,
跋,
跌,
跑,
跚,
跛,
距,
跟,
跡,
跤,
跨,
跪,
跫,
路,
跳,
跺,
踉,
踊,
踏,
踐,践
踔,
踞,
踟,
踢,
踩,
踪,
踱,
踴,
踵,
踹,
蹁,
蹂,
蹄,
蹈,
蹊,
蹌,跄
蹟,
蹤,
蹦,
蹩,
蹬,
蹭,
蹰,
蹲,
蹴,
蹶,
蹺,
蹿,
躁,
躇,
躋,跻
躍,
躚,
身,
躬,
躲,
躺,
軀,躯
車,车
軌,轨
軍,军
軒,轩
軟,软
軸,轴
軾,轼
較,较
載,载
輔,辅
輕,轻
輛,辆
輝,辉
輩,辈
輪,轮
輯,辑
輸,输
輻,辐
輿,舆
轄,辖
轉,转
轍,辙
轎,轿
轟,
辛,
辜,
辟,
辣,
辦,办
辨,
辭,
辮,辫
辯,
辰,
辱,
農,农
辻,
迂,
迄,
迅,
迎,
近,
返,
迢,
迥,
迦,
迪,
迫,
迭,
述,
迴,
迷,
迸,
迹,
追,
退,
送,
逃,
逅,
逆,
逍,
透,
逐,
途,
逗,
這,这
通,
逛,
逝,
逞,
速,
造,
逢,
連,连
逮,
週,
進,进
逸,
逼,
逾,
遁,
遂,
遇,
遊,
運,运
遍,
過,过
遏,
遐,
遑,
道,
達,达
違,违
遙,
遛,
遜,逊
遞,递
遠,远
遢,
遣,
遥,
遨,
適,适
遭,
遮,
遲,迟
遴,
遵,
遷,迁
選,选
遺,遗
遼,辽
遽,
避,
邀,
邁,迈
邂,
邃,
還,还
邇,迩
邊,边
邋,
邏,逻
邑,
邛,
邡,
邢,
那,
邦,
邪,
邯,
邰,
邱,
邵,
邸,
郊,
郎,
郝,
郡,
部,
郭,
郵,邮
都,
鄂,
鄉,乡
鄒,邹
鄙,
鄞,
鄠,
鄧,邓
鄭,郑
鄯,
鄰,邻
鄱,
鄲,郸
酋,
酌,
配,
酒,
酗,
酚,
酣,
酥,
酩,
酪,
酬,
酮,
酯,
酰,
酵,
酶,
酷,
酸,
酿,
醃,
醇,
醉,
醋,
醒,
醛,
醜,丑
醪,
醫,医
醬,酱
醴,
釀,
釁,
采,
釋,释
里,
重,
野,
量,
釐,厘
金,
釗,钊
釜,
針,针
釣,钓
釹,钕
鈀,钯
鈉,钠
鈔,钞
鈞,钧
鈣,钙
鈦,钛
鈴,铃
鈷,钴
鈺,钰
鈾,铀
鉅,钜
鉈,铊
鉉,铉
鉑,铂
鉛,铅
鉞,钺
鉤,钩
鉬,钼
鉾,
銀,银
銅,铜
銑,铣
銖,铢
銘,铭
銜,衔
銳,锐
銷,销
銹,锈
銻,锑
鋁,铝
鋅,锌
鋒,锋
鋪,铺
鋰,锂
鋼,钢
錄,录
錠,锭
錢,钱
錤,
錦,锦
錫,锡
錯,错
錳,锰
錶,表
鍊,炼
鍊,链
鍋,锅
鍍,镀
鍛,锻
鍬,锹
鍵,键
鍾,钟
鍾,锺
鎊,镑
鎖,锁
鎣,蓥
鎧,铠
鎮,镇
鎳,镍
鎵,镓
鏈,链
鏖,
鏗,铿
鏘,锵
鏟,铲
鏡,镜
鏢,镖
鏽,锈
鐘,钟
鐠,镨
鐧,锏
鐫,镌
鐮,镰
鐵,铁
鑄,铸
鑑,鉴
鑒,鉴
鑣,镳
鑫,
鑰,钥
鑲,镶
鑵,
鑼,锣
鑽,钻
鑾,銮
鑿,凿
長,
門,门
閃,闪
閉,闭
開,开
閒,闲
間,间
閔,闵
閘,闸
閡,阂
閣,阁
閥,阀
閨,闺
閩,闽
閱,阅
闆,
闊,阔
闔,阖
闖,闯
關,关
闡,阐
闢,
阜,
阡,
阪,
阮,
阱,
防,
阻,
阿,
陀,
陂,
附,
陋,
陌,
降,
限,
陛,
陜,
陝,陕
陞,升
陡,
院,
陣,阵
除,
险,
陪,
陰,阴
陲,
陳,陈
陵,
陶,
陷,
陸,陆
陽,
隅,
隆,
隈,
隊,队
隍,
階,阶
隐,
隔,
隘,
隙,
際,际
障,
隧,
隨,随
險,
隰,
隱,
隴,陇
隸,隶
隻,
隼,
雀,
雁,
雄,
雅,
集,
雇,
雉,
雌,
雍,
雕,
雖,虽
雙,双
雛,雏
雜,杂
雞,鸡
離,离
難,难
雨,
雪,
雯,
雲,云
零,
雷,
電,
需,
霄,
霆,
震,
霉,
霍,
霏,
霑,
霓,
霖,
霜,
霞,
霧,
露,
霸,
霹,
霽,
霾,
靈,灵
青,
靖,
静,
靚,靓
靛,
靜,
非,
靠,
靡,
面,
靦,腼
靨,靥
革,
靴,
靶,
鞄,
鞋,
鞍,
鞏,
鞠,
鞦,
鞭,
韁,
韆,
韋,韦
韌,
韓,
韭,
音,
韵,
韶,
韻,
響,响
頁,
頂,
頃,
項,
順,
須,
頌,
預,
頑,
頒,
頓,
頗,
領,
頡,颉
頤,
頭,头
頰,
頸,
頹,
頻,
顆,
題,题
額,
顏,
願,愿
顛,
類,
顧,
顫,
顯,
風,风
颯,飒
颱,
颳,刮
颶,飓
飄,飘
飆,飙
飇,飙
飈,飚
飛,飞
食,
飢,饥
飩,饨
飪,饪
飯,饭
飲,饮
飼,饲
飽,饱
飾,饰
餃,饺
餅,饼
養,养
餌,饵
餐,
餑,饽
餒,馁
餓,饿
餘,馀
餚,肴
餛,馄
餞,
餡,馅
館,馆
餮,
餵,
餸,
餾,馏
饃,馍
饅,馒
饈,
饋,馈
饒,饶
饕,
首,
香,
馥,
馨,
馬,马
馭,驭
馮,冯
馱,驮
馳,驰
馴,驯
駁,驳
駐,驻
駒,驹
駕,驾
駛,驶
駝,驼
駱,骆
駿,骏
騁,骋
騎,骑
騙,骗
騫,骞
騰,腾
騷,骚
驅,驱
驕,骄
驗,验
驚,惊
驟,骥
驪,骊
骨,
骰,
骷,
骸,
骼,
髓,
體,体
高,
髦,
髮,发
髯,
鬆,
鬉,鬃
鬚,
鬢,
鬣,
鬥,斗
鬧,
鬰,郁
鬱,
鬼,
魁,
魂,
魄,
魅,
魇,
魏,
魔,
魚,鱼
魯,鲁
魷,鱿
鮑,鲍
鮧,
鮨,
鮪,鲔
鮭,鲑
鮮,鲜
鯉,鲤
鯊,鲨
鯔,鲻
鯢,鲵
鯤,鲲
鯨,鲸
鯰,鲶
鯽,鲫
鰤,
鰭,鳍
鰲,鳌
鰻,鳗
鱁,
鱉,鳖
鱖,鳜
鱗,鳞
鱤,鳡
鳥,鸟
鳳,凤
鳴,鸣
鴉,鸦
鴕,
鴛,鸳
鴞,鸮
鴟,
鴦,鸯
鴨,鸭
鴻,鸿
鴿,鸽
鵑,
鵙,
鵜,鹈
鵝,鹅
鵟,
鵡,鹉
鵪,鹌
鵬,鹏
鵲,鹊
鶉,鹑
鶘,鹕
鶩,鹜
鶯,莺
鶴,鹤
鷗,鸥
鷸,鹬
鷹,鹰
鷺,鹭
鸚,
鸛,鹳
鹮,
鹵,卤
鹹,
鹼,
鹽,
鹿,
麋,
麒,
麓,
麗,丽
麝,
麟,
麥,麦
麴,
麵,面
麹,
麻,
麼,麽
麽,么
麾,
黃,
黄,黄
黍,
黎,
黏,
黑,
黔,
默,
黛,
黜,
黝,
點,点
黟,
黨,党
黯,
黴,
鼎,
鼓,
鼠,
鼻,
齊,齐
齋,斋
齒,
齡,
龍,龙
龐,庞
龔,龚
龖,
龘,
龜,龟
