字,frequency,total_tweets
的,12869,4574
國,9198,3753
中,7813,3586
日,6686,3315
在,4934,3072
年,4118,2268
大,3140,2048
一,3103,2117
人,3097,1780
本,2934,1465
月,2843,1958
為,2612,1953
美,2560,1362
上,2381,1708
是,2340,1721
了,2211,1701
出,2163,1541
和,2123,1636
發,2072,1370
新,2061,1493
來,2024,1587
會,1955,1170
業,1864,1071
成,1822,1349
有,1783,1386
將,1745,1218
地,1682,1204
高,1630,1179
家,1584,1159
元,1569,782
對,1568,1122
長,1560,1023
行,1532,1105
到,1489,1200
市,1484,1000
開,1477,1131
時,1449,1135
以,1446,1207
海,1433,802
動,1412,1038
全,1409,1024
不,1399,1108
生,1363,975
增,1353,779
於,1322,1121
外,1285,894
化,1238,831
現,1219,1007
文,1198,690
與,1191,947
等,1189,999
萬,1187,728
最,1183,921
機,1181,679
個,1175,928
車,1173,551
體,1157,774
進,1145,924
下,1138,914
作,1136,891
場,1136,855
次,1129,855
比,1119,799
經,1115,813
加,1091,849
用,1089,805
電,1088,552
企,1088,649
民,1065,734
關,1056,764
這,1051,904
方,1051,786
前,1049,907
量,1045,653
能,1023,747
合,1020,761
自,1014,820
多,1013,849
公,1010,753
東,992,681
工,992,623
力,987,797
同,982,777
過,979,831
學,967,515
資,961,554
運,954,560
度,945,685
首,936,710
部,936,677
主,925,778
西,924,599
表,921,745
至,920,777
産,916,528
間,906,780
近,902,752
面,892,703
球,892,602
達,889,683
期,881,690
價,878,531
金,866,500
第,856,650
入,850,666
後,842,718
數,836,597
天,829,598
展,827,596
內,827,702
品,826,538
世,824,603
利,819,580
要,791,675
之,782,643
區,769,577
相,769,655
平,763,559
也,760,689
示,760,678
物,748,484
通,745,546
總,738,531
北,735,532
界,731,556
計,731,592
可,726,578
實,726,594
分,725,612
交,720,542
億,719,453
政,716,488
小,710,530
南,709,442
約,708,534
口,706,412
從,705,629
正,704,622
京,697,475
亞,694,419
重,691,532
水,681,468
代,680,519
華,672,470
導,671,431
股,670,288
者,669,540
山,667,393
客,667,394
當,666,581
遊,662,366
子,660,474
特,660,487
商,657,442
務,655,463
起,648,567
三,632,460
半,629,391
設,614,448
技,610,461
產,607,390
心,604,508
事,602,494
目,597,515
節,597,373
超,591,464
預,591,439
提,588,495
斯,587,338
名,587,449
點,585,460
據,581,507
向,579,495
際,578,459
田,578,315
創,576,472
員,575,439
手,573,432
位,572,474
統,571,428
收,569,390
投,566,371
巴,564,319
建,562,400
漲,554,323
受,554,504
式,552,448
們,543,416
銷,539,323
已,538,481
如,537,467
航,535,233
續,532,469
但,527,494
道,526,416
法,524,349
持,518,429
濟,517,367
術,510,362
定,506,435
拉,502,328
此,501,471
降,501,355
被,500,438
舉,498,419
看,497,436
就,495,426
理,493,378
共,491,408
得,490,416
其,483,448
聯,482,343
推,481,406
格,476,355
強,473,406
古,471,290
兩,470,375
安,469,332
流,469,358
空,468,323
型,467,350
減,465,340
明,464,371
原,464,374
應,462,395
賽,459,227
少,458,363
率,458,320
值,458,310
果,457,349
十,453,358
路,452,316
都,452,367
馬,451,262
問,450,375
科,450,338
額,449,322
觀,449,369
售,449,323
研,448,323
影,446,343
司,443,328
情,442,389
布,442,354
傳,441,343
低,432,333
台,431,268
我,430,340
造,430,357
州,428,274
爾,427,287
貨,427,274
基,426,331
光,424,291
星,422,175
網,419,317
指,419,319
普,418,270
及,418,382
性,417,350
好,417,354
汽,417,276
接,417,369
源,416,352
活,416,342
因,412,361
米,410,247
由,409,389
飛,407,203
今,405,361
制,403,297
風,401,334
景,401,315
使,399,318
還,399,378
調,399,308
所,398,343
二,398,320
消,397,328
製,396,294
領,395,320
需,394,328
史,392,345
氣,392,270
保,391,327
春,389,213
他,388,304
鐵,387,170
越,386,231
團,382,298
訪,381,296
號,381,231
非,381,264
社,380,309
洲,380,251
色,377,274
而,377,340
旅,373,229
歐,373,224
選,372,265
稱,369,340
連,369,320
門,369,263
花,368,222
歷,367,323
求,367,305
川,366,224
江,364,239
河,361,231
升,359,286
供,356,289
組,354,266
立,352,287
境,352,247
費,349,240
回,349,288
感,345,298
戰,344,273
認,342,313
著,342,301
英,342,221
器,341,224
局,340,270
城,340,218
然,338,295
克,338,217
意,338,297
神,337,260
引,335,293
火,335,220
種,335,275
幣,335,210
始,335,304
息,335,270
何,334,245
件,334,238
備,332,257
無,331,267
視,330,272
稅,330,162
記,329,267
放,329,264
深,328,241
該,327,297
標,327,275
去,325,289
列,323,223
易,323,240
程,322,256
奧,322,184
演,321,250
速,320,265
豐,320,206
隊,320,219
單,319,228
廣,319,236
均,318,261
集,318,261
省,317,265
施,316,268
滿,313,237
並,313,294
破,313,229
樣,313,269
營,310,230
規,310,243
任,310,224
排,307,215
變,306,260
線,306,224
各,306,276
龍,306,176
里,305,231
港,304,155
治,304,243
域,303,255
福,302,205
究,302,225
轉,302,246
族,301,174
博,301,182
購,300,205
議,299,211
信,297,220
直,297,251
報,296,230
顯,296,277
支,296,237
習,296,177
級,294,238
勢,294,253
院,294,222
帶,292,239
縣,291,220
更,291,253
題,290,246
專,289,245
功,289,200
女,289,197
藏,289,159
處,288,246
廠,288,207
士,287,204
載,286,195
林,285,201
參,285,235
頭,284,248
論,282,221
反,281,234
黃,281,176
故,280,239
着,279,229
決,279,220
眾,278,234
店,276,141
服,275,177
畫,275,186
走,274,246
每,272,235
未,272,249
見,270,223
德,270,195
府,270,221
解,267,230
湖,266,126
韓,266,134
採,266,233
爭,265,230
很,265,245
館,265,164
驗,265,202
模,264,218
友,263,213
幅,263,217
印,262,138
再,262,243
結,261,224
房,260,135
軍,259,185
測,258,185
站,257,176
屆,256,206
票,256,147
樂,256,186
響,254,229
獲,254,207
完,253,208
辦,253,207
陸,252,178
四,251,202
取,251,225
迎,251,219
石,250,156
裝,250,189
買,249,176
香,249,160
策,249,184
步,247,220
跌,247,144
紅,247,170
老,246,179
園,246,163
打,245,213
青,245,161
尼,244,153
千,243,183
雪,243,116
愛,242,180
言,240,218
倍,240,185
存,240,203
極,239,188
席,239,185
象,239,208
雙,238,188
項,238,188
管,238,194
熱,237,214
劃,237,199
遺,235,141
池,234,126
泰,232,103
義,232,170
擴,232,201
季,232,192
態,232,192
秋,230,122
慶,229,146
羅,229,146
突,228,188
衛,228,114
望,228,205
常,227,202
白,227,167
油,226,108
居,226,180
佔,225,199
構,225,193
射,225,111
幕,224,186
查,224,169
迪,224,132
想,223,192
讓,222,206
阿,220,137
藝,218,145
食,218,156
質,217,168
系,215,171
身,215,191
黎,214,147
邊,214,161
快,213,184
教,213,146
包,213,197
智,213,152
整,212,189
僅,212,199
致,212,197
話,210,166
雲,210,136
復,208,165
魅,206,195
較,205,186
競,205,174
銀,205,135
片,205,153
積,205,178
類,204,155
底,204,172
護,204,159
佈,203,180
太,203,169
往,202,161
料,201,148
端,201,142
環,200,165
隨,200,196
歲,199,162
別,199,184
冰,199,86
止,198,164
央,197,140
匯,197,135
奇,196,184
貿,196,124
證,196,157
宣,196,177
舞,195,132
晚,195,157
王,195,135
優,195,166
農,193,118
牌,193,129
權,193,123
俄,192,101
紀,192,148
斷,191,178
先,191,173
精,190,167
沒,189,178
限,189,161
百,189,158
清,188,148
財,188,132
份,188,151
裡,186,166
啟,185,170
改,184,165
獨,184,163
警,184,124
錄,183,149
具,183,155
難,183,152
圖,182,144
疆,182,124
維,181,140
準,181,158
灣,181,122
核,181,109
船,180,93
周,180,149
武,179,115
登,179,125
聞,179,167
住,179,133
興,179,138
五,179,150
試,179,123
音,178,126
形,178,156
考,178,130
村,178,112
你,177,136
輛,177,117
午,176,138
告,174,135
停,173,137
島,172,123
魚,171,79
融,171,145
或,171,156
張,171,135
寶,171,110
卡,171,124
陽,170,123
說,169,151
菲,169,84
背,169,149
零,169,127
只,168,154
算,167,128
班,167,99
烏,165,91
岸,165,110
潤,164,93
協,164,133
夏,164,107
容,163,135
談,163,132
沙,163,94
澳,163,72
蘭,161,115
委,159,127
探,159,120
繼,158,150
哈,158,96
又,157,139
材,156,111
字,156,106
薩,155,103
案,155,115
麼,154,135
遠,154,133
圍,154,148
初,153,145
知,153,132
圓,152,115
給,152,143
吸,152,140
富,151,123
例,151,117
況,151,146
語,150,120
截,150,143
除,150,135
遇,150,128
聲,150,129
男,149,114
橋,149,74
麗,148,113
歡,147,127
確,147,136
熊,147,68
跨,147,105
藥,147,62
盟,146,99
酒,146,79
冠,146,109
防,146,112
係,146,113
偉,146,86
書,145,118
群,145,113
足,144,127
座,144,107
些,144,138
則,144,132
彩,143,106
離,143,121
條,143,124
即,143,134
哪,142,103
貓,142,69
輪,141,96
織,141,111
戶,141,106
右,141,131
像,141,118
寧,141,111
駐,140,100
眼,140,121
助,140,123
土,140,106
八,140,100
吉,140,95
落,139,126
亮,139,114
什,139,115
把,139,126
鋼,139,82
歌,139,93
仍,139,130
承,139,117
左,138,129
送,138,99
師,138,103
洋,138,109
依,137,120
波,137,105
段,137,116
免,137,100
拍,136,108
效,136,117
播,135,108
早,135,118
野,135,103
根,135,127
負,135,119
黨,135,79
臨,134,125
庫,134,97
險,134,114
峰,134,112
留,134,102
款,133,103
輸,133,87
簽,133,86
育,132,104
味,132,101
蘋,132,68
曾,131,124
做,131,120
鄉,131,100
徵,130,93
震,129,78
木,129,97
移,128,93
凈,128,89
角,128,106
貶,128,94
盤,127,96
擔,127,112
乘,127,97
拿,127,91
許,127,107
頻,126,113
官,126,111
控,126,105
便,126,107
注,126,115
互,126,96
盛,125,102
軟,125,83
典,125,88
兒,125,94
孩,124,103
待,124,112
納,124,90
候,124,87
劇,124,100
刻,124,108
醫,124,70
聚,123,111
念,123,85
評,122,111
夢,122,87
執,122,95
命,121,100
括,121,120
益,121,105
終,120,108
失,120,96
素,120,109
九,120,86
漢,120,71
順,119,107
萌,118,100
擊,118,95
夜,118,85
措,118,105
賓,117,82
堅,117,106
批,117,96
堂,116,85
短,116,94
溫,116,92
針,116,101
鏈,115,82
輕,115,99
希,115,106
戲,115,74
奪,114,93
索,114,85
蘇,114,83
媒,114,100
祝,113,96
置,113,94
救,113,73
秘,113,82
穩,112,103
冬,112,69
燈,112,59
佳,112,79
層,112,81
略,112,102
急,111,102
街,111,86
屬,111,103
喜,111,97
令,111,93
勝,111,96
草,111,72
壇,111,81
坦,110,65
激,110,99
請,110,95
蛇,110,60
真,110,100
律,109,78
緩,109,91
晶,109,74
漫,109,89
補,109,75
己,109,96
追,108,99
滑,108,75
樹,108,76
旗,108,86
差,107,85
銅,107,54
貴,107,76
巨,106,94
才,106,89
舟,106,56
嚴,105,88
勒,105,68
黑,105,90
六,104,80
按,104,92
援,104,78
紐,104,82
副,104,88
紛,104,58
疫,103,76
壓,103,87
潮,102,66
伊,102,66
講,102,83
檢,101,66
儲,101,67
綠,100,68
吃,100,80
朗,100,65
架,100,73
鎮,100,82
穿,99,77
那,99,90
賞,99,82
娃,98,84
假,98,75
獎,98,55
校,98,63
佛,97,58
縮,97,88
雨,97,71
雅,97,69
餘,97,81
裁,97,68
促,97,86
烈,97,89
蒙,97,66
充,96,84
願,95,84
谷,95,65
判,95,77
噸,95,72
説,95,89
哥,95,63
拜,95,66
照,94,81
庭,94,71
累,94,82
塔,94,69
貼,94,61
七,94,69
她,94,67
賣,93,80
餐,93,57
緊,93,83
魯,92,60
覽,92,74
濱,91,58
微,91,75
板,91,63
績,91,85
墨,91,58
籍,90,60
禁,90,68
夫,90,59
健,90,68
版,89,77
貝,89,61
曲,89,64
慧,89,77
訂,89,59
討,89,80
識,88,80
範,88,82
趣,88,86
換,88,76
映,88,83
鳥,88,43
它,88,82
塞,88,53
李,87,54
配,87,77
箭,87,53
思,87,68
享,87,78
狀,86,80
迷,86,83
儀,86,70
責,86,79
攝,86,70
駛,86,54
詩,86,47
必,85,72
軌,85,55
幾,85,80
宮,85,58
尖,84,66
驚,84,80
親,84,70
申,84,65
隻,84,60
呈,84,77
跳,84,72
純,83,76
付,83,54
授,82,72
珠,82,50
返,82,62
腦,82,66
暖,82,65
聽,81,67
頂,81,70
嗎,81,76
茶,81,32
察,81,65
秀,81,68
趨,81,76
養,81,54
損,80,59
松,80,48
切,80,67
似,80,76
介,79,78
礎,79,73
抵,79,66
威,79,66
雷,79,61
逆,78,58
死,78,54
雄,78,65
職,78,65
署,78,63
尋,77,71
債,77,44
刷,77,60
敦,77,60
套,77,57
葉,77,63
童,76,57
週,76,58
伴,76,68
否,75,66
赴,75,60
齊,75,65
絲,75,55
兌,75,51
艦,75,34
游,75,61
井,75,48
母,75,55
毅,75,41
寬,74,64
涉,74,64
肉,74,43
擁,74,72
善,73,66
牛,73,39
菜,73,37
燃,73,52
室,73,60
細,73,59
述,73,69
爆,72,60
瓦,72,52
延,72,62
鬆,72,59
含,72,66
勞,72,53
露,72,60
禮,72,57
浙,72,59
臺,71,55
靈,71,57
絕,71,65
逐,71,67
階,71,61
療,71,47
暴,71,57
媽,71,27
混,70,54
康,70,53
雖,70,70
怎,70,63
麥,70,47
樓,70,49
壯,70,61
練,70,55
壽,69,36
紹,69,66
良,69,57
歸,69,58
恢,69,60
抗,69,53
鄭,69,41
跑,68,52
害,68,58
漸,68,60
邀,68,67
俗,68,53
革,68,56
駕,68,42
挑,67,64
憂,67,59
毛,67,53
郵,67,31
吒,67,32
密,67,61
卷,67,56
搭,66,60
倫,66,55
阪,66,37
跟,66,65
避,66,60
另,66,66
翻,66,54
玩,66,54
徽,66,37
泳,65,34
丹,65,39
亡,65,47
錶,65,53
透,65,63
廳,65,54
獻,65,60
讀,65,52
征,65,48
藍,65,53
朋,65,52
答,64,57
諾,64,51
液,64,39
距,64,59
植,64,46
嚮,64,58
退,63,55
傷,63,43
違,63,45
騰,63,46
訴,63,42
久,63,53
築,63,46
危,63,56
病,63,41
裏,62,55
賴,62,49
碳,62,42
朝,62,47
障,62,60
派,62,54
干,62,45
濃,62,51
衣,61,43
缺,61,54
附,61,56
譽,61,53
森,60,46
摩,60,45
仁,60,45
繞,60,59
呼,60,53
寫,59,56
寺,59,32
監,59,51
末,59,51
勁,59,57
躍,59,54
飲,59,44
尚,59,51
鮮,59,48
併,59,54
散,59,54
津,59,42
誌,59,55
奔,58,50
巡,58,42
卻,58,56
覺,58,51
浪,58,51
綜,58,51
災,58,35
訓,58,41
租,58,29
估,58,53
斤,58,29
寨,58,33
鏡,58,40
暑,58,34
永,57,44
捕,57,38
錢,57,40
屋,57,44
岩,57,39
牙,56,32
榜,56,43
奈,56,38
慮,56,56
雜,56,42
繁,56,50
瑞,56,43
修,56,48
稀,56,35
適,56,50
盡,56,51
苗,56,36
梅,55,32
悉,55,55
跡,55,42
鬧,55,47
絡,55,46
聖,55,38
陷,55,49
祖,55,44
染,55,37
欽,54,34
坐,54,51
觸,54,48
漁,54,29
旬,54,47
析,54,52
束,54,50
且,53,51
顧,53,47
唱,53,44
宜,53,42
固,53,42
緣,53,46
飾,53,35
找,53,49
憶,53,39
迅,53,50
乎,53,53
宅,53,37
賀,53,43
異,53,48
喀,53,34
揮,52,47
脫,52,44
召,52,49
虎,52,28
鍵,52,51
洛,52,34
准,51,45
攻,51,46
嘉,51,41
鋁,51,22
章,51,36
慢,51,43
編,51,40
晨,51,46
煙,51,34
峽,51,31
孫,51,35
框,50,41
彈,50,47
隔,50,47
錯,50,38
守,50,44
衝,50,40
陳,50,39
侗,50,20
鐘,49,43
序,49,44
腳,49,42
貢,49,43
厚,49,45
泉,49,35
疑,49,43
幹,49,42
倒,49,45
紙,49,30
弱,48,45
撐,48,47
沉,48,44
咖,48,20
齡,48,41
培,48,39
蓮,48,24
址,48,28
脈,48,28
頓,47,34
埃,47,32
擇,47,43
阻,47,45
夠,47,45
鴻,47,24
膨,47,40
祥,47,31
簡,47,36
胞,47,33
奶,47,24
飯,46,32
悅,46,32
丨,46,46
血,46,36
昌,46,34
侵,46,33
韻,45,45
圈,45,38
蓋,45,40
搶,45,37
拓,45,38
焦,45,45
癌,45,12
礦,45,27
遞,45,29
錫,45,26
若,45,37
艘,44,30
擺,44,39
暫,44,40
劉,44,35
橫,44,40
榮,44,39
甦,44,42
招,44,38
糧,44,24
繪,44,37
氛,44,40
妙,44,43
旺,44,32
患,43,28
宇,43,37
圳,43,30
秒,43,37
茂,43,32
薪,43,28
襲,43,36
麵,43,16
替,43,39
釋,43,37
惠,43,40
啡,43,17
伏,43,27
錦,43,29
猴,43,16
忙,43,37
鍋,43,19
玉,43,37
曼,42,32
曆,42,40
振,42,36
鋰,42,25
寒,42,27
抓,42,38
靠,42,42
巧,42,31
課,42,34
姆,42,31
審,42,38
符,41,39
症,41,24
訊,41,37
魔,41,32
剛,41,27
肯,41,34
塑,41,25
拋,41,35
幸,41,32
剩,41,32
覆,41,39
竹,41,26
鼓,41,27
嫦,41,22
娥,41,22
輝,40,39
券,40,30
碼,40,35
冷,40,38
盈,40,32
掌,40,38
艙,40,25
荷,40,32
唯,40,39
乒,40,27
櫻,40,14
繫,40,32
悠,40,29
莊,40,29
磚,40,18
爸,39,19
拼,39,34
兵,39,32
父,39,32
予,39,38
雕,39,27
萊,39,29
胡,39,31
泡,39,28
伯,39,30
箱,39,29
甘,39,32
操,39,29
毒,39,21
誼,39,31
閉,38,29
泛,38,37
孔,38,22
困,38,36
夥,38,34
脹,38,36
邦,38,31
扇,38,23
唐,38,33
尤,38,37
志,38,33
舊,38,28
羽,38,27
犯,38,29
揭,38,36
珍,38,33
稻,38,24
杭,38,25
漠,38,23
嶺,37,28
豆,37,22
狗,37,18
浮,37,30
靜,37,32
詞,37,29
宴,37,31
惡,37,36
宿,37,27
粉,37,27
檔,37,23
畢,37,22
渡,37,26
羊,37,21
占,37,34
宗,37,26
秦,37,21
鹽,37,17
宵,37,20
沿,36,35
蛋,36,24
堆,36,21
皮,36,28
僑,36,18
疊,36,29
笑,36,25
徑,36,32
盧,36,27
旦,36,25
罪,36,26
刺,36,27
撼,35,34
嫌,35,24
菱,35,26
敗,35,32
劍,35,29
遲,35,27
崛,35,32
揚,35,34
陝,35,24
甲,35,21
恐,35,19
隱,35,33
托,35,28
擬,35,30
鳴,35,28
掛,35,35
坡,35,31
懷,35,32
謂,35,29
洞,34,24
恩,34,20
氫,34,16
搖,34,29
譯,34,19
趕,34,30
弟,34,26
乓,34,24
吧,34,33
膜,34,18
枚,34,24
硬,34,24
遭,34,31
幫,34,30
殺,34,21
埔,34,18
杜,34,24
貫,34,29
濕,34,19
窟,34,9
宛,33,31
遙,33,21
遍,33,31
暢,33,31
董,33,27
折,33,32
抱,33,30
琴,33,18
飄,33,31
瞬,33,30
謝,33,24
莫,33,27
拔,33,28
奏,33,31
闖,33,27
凌,33,30
塊,32,25
贏,32,29
蘊,32,27
耐,32,26
挺,32,31
械,32,27
筆,32,27
廟,32,18
晉,32,26
苦,32,29
鑽,32,19
遷,32,24
欣,32,29
遼,32,25
誕,32,26
傑,31,27
隆,31,25
傾,31,28
猛,31,30
兼,31,29
攜,31,30
瞰,31,25
借,31,31
陶,31,23
儘,31,31
澤,31,25
郎,31,24
凡,31,26
誰,31,30
陵,31,22
毫,31,22
仙,31,27
哲,31,21
廈,31,26
斑,31,24
礁,31,20
霸,30,27
歴,30,28
須,30,27
亂,30,28
途,30,29
帝,30,20
呢,30,28
姿,30,27
舖,30,24
複,30,27
瞄,30,29
棄,30,27
瓷,30,18
潘,30,24
讚,30,28
撤,30,24
努,30,30
騎,30,25
閃,30,22
撞,30,24
殖,30,17
桃,30,18
瑪,30,21
瀑,30,10
楊,30,21
燦,30,17
槍,30,16
啦,29,19
岡,29,21
皇,29,23
顆,29,23
沃,29,21
勇,29,25
握,29,28
擎,29,19
廢,29,21
糖,29,18
牧,29,19
溝,29,24
偏,29,25
幼,29,25
酷,29,24
婚,29,12
尹,29,16
暨,29,28
爺,29,14
吳,29,23
泊,29,24
沖,29,23
艷,29,27
乏,28,28
偶,28,27
惕,28,28
般,28,28
沫,28,24
默,28,22
蓄,28,19
甚,28,27
鞋,28,21
柬,28,14
桂,28,21
梁,28,23
陣,28,23
洪,28,19
寵,28,10
穫,28,24
粽,28,11
拳,27,16
貌,27,21
崎,27,19
閣,27,20
概,27,23
罕,27,25
滯,27,26
嘗,27,25
衡,27,21
封,27,22
宋,27,19
櫃,27,17
您,27,23
凱,27,17
浸,27,23
蹈,27,27
丁,27,21
脅,27,23
註,27,24
插,27,21
幻,27,25
覓,27,26
灘,27,20
肅,27,22
采,26,21
舍,26,15
藤,26,22
彭,26,17
佩,26,21
誤,26,25
凍,26,13
耗,26,24
鄰,26,23
籲,26,24
骨,26,20
茲,26,19
逾,26,20
潛,26,19
桑,26,16
託,26,25
既,26,25
句,26,23
扎,26,20
徐,26,18
国,26,16
緬,26,15
鳳,26,18
塘,26,16
霞,25,15
遜,25,18
磁,25,14
寄,25,24
允,25,20
契,25,23
獅,25,18
鬥,25,18
杯,25,15
浦,25,20
番,25,21
瑟,25,19
壞,25,23
闆,25,13
臘,25,15
儒,25,14
縱,25,20
尾,25,22
謀,25,21
煌,25,15
奮,25,23
宏,24,21
氧,24,18
猶,24,23
楚,24,17
湧,24,23
祭,24,18
郭,24,19
杉,24,15
裂,24,21
壁,24,22
驅,24,24
婦,24,17
鑒,24,23
軸,24,16
霧,24,17
盆,24,14
乙,24,21
休,24,19
懸,24,21
疾,24,22
亦,24,22
磋,24,17
浩,24,19
甸,24,15
紫,24,19
芳,23,15
綻,23,18
醒,23,22
耳,23,17
酸,23,16
碗,23,14
彌,23,21
籌,23,21
迫,23,22
溢,23,21
糕,23,12
嫩,23,13
懂,23,17
姐,23,17
鹿,23,10
披,23,22
踏,23,21
夕,23,19
吹,23,21
盾,23,10
邁,23,22
斕,23,18
艾,23,14
摘,22,20
矽,22,17
裕,22,22
拆,22,18
淡,22,18
狂,22,19
壺,22,12
忘,22,18
柳,22,13
私,22,18
宙,22,19
貸,22,13
余,22,18
滄,22,11
刑,22,14
黔,22,14
梯,22,14
梨,22,14
崽,22,9
畝,22,16
虹,22,18
泥,21,13
贊,21,17
璀,21,17
璨,21,17
礙,21,20
扣,21,16
町,21,16
艇,21,10
藉,21,21
尺,21,20
氏,21,15
耶,21,18
臉,21,16
丘,21,12
赫,21,15
芯,21,14
娘,21,15
菌,21,11
桌,21,20
肥,21,18
篇,21,18
熟,21,18
涵,21,20
爛,21,21
株,21,16
溪,21,17
鶴,21,11
絢,21,18
鯨,21,7
戴,21,16
雞,21,13
污,21,13
倉,20,17
辰,20,18
扮,20,18
詢,20,19
穆,20,15
膠,20,12
鎖,20,18
忌,20,11
虧,20,14
淺,20,15
碎,20,14
憑,20,20
柱,20,17
辭,20,18
彼,20,18
璃,20,13
甜,20,15
棲,20,16
睡,20,11
叫,20,19
炒,20,16
詐,20,12
莎,20,16
匹,20,16
涼,20,13
耀,19,19
漂,19,18
緒,19,19
逛,19,17
擠,19,17
慎,19,18
賦,19,18
昆,19,15
描,19,19
聘,19,17
豬,19,14
乾,19,18
鋪,19,18
攀,19,13
傅,19,16
祈,19,18
贈,19,17
巳,19,14
姑,19,13
旋,19,14
冒,19,14
舶,19,14
薄,19,15
伙,19,18
蟹,19,9
徹,19,18
娜,19,16
盎,19,16
鵝,19,9
踐,19,18
旨,19,19
壩,19,11
捷,19,15
瑩,19,16
俑,19,7
敬,19,17
悟,19,16
抖,19,18
匈,19,8
胖,18,13
棉,18,10
洗,18,14
旭,18,13
慣,18,15
暗,18,18
娛,18,15
擦,18,17
捉,18,17
滅,18,17
迴,18,14
豪,18,17
豹,18,12
竟,18,16
蒂,18,12
虛,18,15
餅,18,12
擾,18,16
仿,18,17
刀,18,12
辛,18,15
穀,18,15
蘆,18,11
俯,18,17
朱,18,12
俠,18,12
堡,18,17
瀾,18,14
栩,18,9
弗,17,14
衰,17,16
乃,17,15
釣,17,12
獸,17,10
糾,17,17
掘,17,13
燒,17,16
崗,17,14
窗,17,13
尊,17,15
諸,17,17
靖,17,13
鰻,17,7
碩,17,14
爐,17,16
輔,17,15
嘆,17,17
逸,17,12
搬,17,13
側,17,17
勳,17,13
蜜,17,12
鮑,17,16
炸,17,11
籃,17,14
倡,17,12
劑,17,15
闊,17,17
嬋,17,10
汐,17,9
濤,17,11
炎,17,11
坪,17,12
翼,17,9
削,16,15
捲,16,16
煉,16,12
鈴,16,16
賺,16,14
鎳,16,10
餃,16,10
添,16,15
挖,16,15
掃,16,12
溯,16,16
氮,16,6
牆,16,14
淳,16,15
旁,16,16
訟,16,11
押,16,13
淩,16,14
曬,16,10
聰,16,15
棋,16,10
戈,16,12
廉,16,15
牽,16,16
曉,16,13
穎,16,13
塗,16,8
搏,16,13
巔,16,15
鴨,16,11
昂,16,13
閩,16,11
串,16,13
赤,16,12
腹,16,15
敢,16,14
隧,16,8
墜,16,10
峻,16,14
痘,16,7
玻,16,10
屠,16,7
腰,16,10
脊,16,12
奉,15,10
殊,15,15
于,15,15
晴,15,13
伸,15,15
磨,15,13
厲,15,14
銳,15,10
憲,15,12
吐,15,12
乳,15,9
淨,15,13
飆,15,12
誠,15,15
棒,15,10
醬,15,8
診,15,9
仔,15,13
姓,15,14
喊,15,13
抽,15,12
飼,15,11
鵬,15,10
鑄,15,10
盃,15,9
伍,15,15
抑,15,15
諧,15,15
麓,15,13
帕,15,12
勃,15,13
畔,15,13
鑑,15,15
痛,15,12
碰,15,14
瓊,15,11
鮪,15,5
嬉,15,13
煥,15,14
杏,15,6
莓,15,7
屏,15,14
崙,15,7
磅,14,13
循,14,12
鉅,14,14
逼,14,13
殼,14,9
繹,14,13
芬,14,10
岳,14,9
伐,14,12
噴,14,8
灑,14,12
陰,14,14
臂,14,13
崩,14,13
潰,14,13
帥,14,13
蹟,14,14
劣,14,14
耕,14,12
鋒,14,9
髮,14,13
芝,14,8
湯,14,11
麻,14,12
妹,14,10
蒸,14,12
冊,14,12
君,14,12
裹,14,13
瓜,14,13
潔,14,13
卓,14,11
騙,14,7
殿,14,10
呆,14,14
秩,14,12
晤,14,11
堤,14,8
撈,14,9
繡,14,9
吊,14,9
荒,14,10
碧,14,14
肢,14,5
熠,13,6
徘,13,12
徊,13,12
某,13,13
剔,13,12
媛,13,9
怕,13,11
割,13,10
壘,13,11
朵,13,10
焰,13,10
床,13,12
馳,13,9
碑,13,10
顏,13,12
经,13,10
鯉,13,7
柴,13,9
詳,13,13
搜,13,13
崇,13,12
壤,13,7
掉,13,12
臥,13,10
垂,13,11
彎,13,10
戒,13,11
頗,13,11
廷,13,11
烤,13,11
渝,13,6
燉,13,2
帆,13,10
闡,13,13
滬,13,12
梭,13,13
陪,13,11
葡,13,10
癒,13,11
墓,13,8
澄,13,9
綢,13,11
廊,13,11
樞,13,10
灰,13,10
椒,13,7
臟,13,8
琶,13,9
麹,13,10
蕩,13,10
罰,12,7
啤,12,7
滲,12,11
芽,12,11
摸,12,11
綿,12,12
棟,12,9
聊,12,10
莉,12,10
柯,12,8
掀,12,12
窄,12,12
忠,12,8
捏,12,9
屢,12,11
喝,12,11
屈,12,8
迄,12,11
償,12,11
柒,12,7
盲,12,7
煤,12,9
壟,12,10
毀,12,10
愈,12,10
悲,12,8
汪,12,10
輯,12,12
恰,12,10
踩,12,11
芒,12,9
馮,12,9
鬼,12,10
閒,12,10
敲,12,11
蕭,12,11
肖,12,10
孜,12,11
巷,12,10
銜,12,10
皆,12,11
啥,12,10
醉,12,12
辣,12,9
坎,12,9
撾,12,7
賢,12,6
茫,12,9
繩,12,11
粵,12,9
紋,12,10
墩,12,7
憾,12,11
紡,12,10
殘,12,11
嶽,12,8
爽,12,10
鷹,12,9
崑,12,6
汶,12,5
霏,12,9
葵,12,5
樊,12,8
猜,11,9
纖,11,9
螺,11,7
蔬,11,8
謹,11,11
疲,11,11
晰,11,10
蹤,11,9
曝,11,10
倣,11,6
凝,11,10
豚,11,7
慰,11,11
掩,11,10
頤,11,6
禾,11,6
栽,11,6
紮,11,11
辯,11,9
寸,11,11
邏,11,11
桐,11,3
祿,11,4
丸,11,9
擋,11,11
斗,11,10
堪,11,11
笙,11,6
妻,11,7
巍,11,9
寓,11,11
蓬,11,10
范,11,9
孟,11,6
昭,11,10
蔓,11,9
趙,11,9
賈,11,9
洽,11,9
敏,11,11
罐,11,9
翰,11,9
捐,11,7
鍍,11,6
氟,11,6
发,11,7
髓,11,9
釁,11,10
涯,11,10
恆,11,9
躋,10,9
扭,10,10
諮,10,9
眺,10,9
偵,10,8
蘿,10,9
舒,10,10
遣,10,8
为,10,8
业,10,6
肩,10,10
飽,10,10
悼,10,8
汕,10,6
馨,10,10
轟,10,10
鼠,10,7
粒,10,8
敵,10,9
籠,10,10
澀,10,7
俊,10,9
腔,10,4
擱,10,8
閱,10,7
彰,10,10
偽,10,7
坂,10,5
駁,10,10
繳,10,6
欄,10,8
蕾,10,9
顛,10,9
填,10,10
兆,10,7
弦,10,5
瑰,10,10
蔥,10,8
筍,10,8
趟,10,8
腿,10,10
颯,10,9
殷,10,7
滾,10,9
筒,10,7
翔,10,8
凰,10,6
慕,10,8
頒,10,8
賬,10,8
腸,10,7
潭,10,5
澈,10,10
涌,10,7
撲,10,7
枝,10,10
滋,10,10
汗,10,8
敘,10,8
稿,10,8
魂,10,10
罷,10,5
槽,10,9
妮,10,8
橡,10,5
琵,10,8
茨,10,9
孕,10,9
灸,10,3
哆,10,3
胎,10,5
梵,10,3
詠,9,5
浜,9,6
舌,9,9
艱,9,8
柔,9,8
盒,9,5
奢,9,5
玄,9,5
浴,9,7
拒,9,8
蔔,9,8
睛,9,9
徒,9,9
轎,9,7
侖,9,6
兄,9,8
逃,9,8
罩,9,8
囊,9,8
履,9,9
蔚,9,7
桶,9,8
惜,9,9
銖,9,6
豫,9,8
斥,9,7
珊,9,6
瑚,9,6
淚,9,8
擅,9,9
搞,9,7
爬,9,9
湘,9,5
趁,9,8
瑙,9,7
恒,9,8
喬,9,7
杆,9,6
电,9,5
襯,9,9
郡,9,5
纜,9,8
駝,9,4
酥,9,6
誘,9,9
膽,9,9
亭,9,6
糯,9,7
鷺,9,5
竣,9,5
鬱,9,7
莽,9,3
綴,9,8
鑫,9,5
朔,9,4
臣,9,9
丙,9,8
矚,9,9
逢,9,9
抹,9,9
翅,9,7
譴,9,9
閘,9,6
戀,9,6
摔,9,7
渤,9,4
邂,9,9
逅,9,9
曹,9,5
麟,9,6
炬,9,4
瀕,9,7
仲,9,7
菊,9,5
雯,9,3
潑,9,7
臭,9,3
嶼,8,5
頌,8,6
逮,8,6
錠,8,7
輿,8,8
脆,8,8
葛,8,7
忍,8,8
坤,8,6
腐,8,6
蝕,8,8
捩,8,7
蟲,8,7
砂,8,7
资,8,3
翩,8,5
賠,8,5
傢,8,4
凸,8,8
坊,8,6
塌,8,7
仟,8,8
哭,8,6
喉,8,4
彥,8,8
鉑,8,4
炮,8,7
冶,8,6
剪,8,8
婷,8,6
匠,8,7
厘,8,8
勤,8,8
侯,8,6
郊,8,7
伽,8,5
夷,8,6
碌,8,7
佐,8,7
瀋,8,6
燕,8,7
吾,8,8
霜,8,5
裙,8,6
翠,8,8
孤,8,7
遏,8,8
蜿,8,8
蜒,8,8
撫,8,3
緯,8,7
湛,8,6
紗,8,7
峨,8,8
冀,8,7
歇,8,6
萄,8,8
廚,8,7
捍,8,7
緻,8,8
韋,8,6
榻,8,2
蝶,8,5
盪,8,8
渚,8,3
妥,8,8
腎,8,5
鎧,8,5
楓,8,6
荊,8,5
榴,8,6
妝,8,6
晾,8,3
侈,8,4
冕,8,7
祁,8,2
哇,7,7
譜,7,7
睞,7,7
酬,7,7
遵,7,7
抬,7,6
烯,7,4
鎵,7,4
締,7,7
諜,7,4
欲,7,7
拖,7,6
龜,7,4
穗,7,6
伺,7,7
謎,7,7
亨,7,6
开,7,6
輩,7,7
癱,7,6
炭,7,6
选,7,7
薦,7,6
賃,7,7
淵,7,6
柏,7,7
袋,7,6
勘,7,6
絨,7,6
郁,7,6
墊,7,7
粗,7,6
斌,7,7
剝,7,7
悄,7,5
俱,7,7
軒,7,5
渠,7,7
啊,7,7
汀,7,4
詮,7,7
酋,7,6
溜,7,6
叉,7,6
綏,7,7
粹,7,7
炫,7,7
扶,7,7
雁,7,6
滇,7,5
蔡,7,5
縫,7,6
徙,7,5
瞻,7,6
巒,7,7
耍,7,7
殲,7,3
駱,7,3
沁,7,4
碟,7,4
墟,7,4
偷,7,6
驕,7,7
傲,7,7
暮,7,5
涂,7,4
划,7,6
韶,7,5
遮,7,7
盞,7,3
窮,7,7
叔,7,6
愉,7,7
犁,7,7
濫,7,7
勾,7,7
蒲,7,5
后,7,6
箔,7,2
狐,7,4
攬,7,7
应,7,5
勵,7,7
倆,7,6
龐,7,6
摯,7,6
畜,7,3
葫,7,4
胃,7,6
荔,7,4
愜,7,6
胸,7,3
鴉,7,4
獺,7,4
犬,7,4
祉,7,5
歧,7,6
泄,7,6
吞,7,4
颶,7,4
頸,7,5
彗,7,2
嘎,7,5
卜,7,5
懲,7,6
黴,7,4
胰,7,3
汛,7,5
芋,7,4
爪,7,4
淋,7,6
湍,7,7
畿,7,4
篝,7,3
鈉,7,3
莆,7,4
鵑,7,2
帷,6,6
撒,6,6
鞏,6,6
齋,6,4
鑲,6,5
秧,6,3
懼,6,5
樸,6,6
刃,6,6
氚,6,5
茅,6,5
捧,6,5
个,6,4
红,6,2
漆,6,5
鄧,6,6
鼻,6,5
漏,6,5
汁,6,6
嘯,6,4
牢,6,5
酵,6,4
粧,6,5
募,6,6
賭,6,4
籤,6,6
蘑,6,4
菇,6,4
姨,6,3
会,6,5
刊,6,6
役,6,6
佤,6,2
奠,6,6
鈣,6,4
鈦,6,4
尿,6,4
芭,6,5
塚,6,6
韌,6,6
旱,6,5
矛,6,6
盼,6,6
琳,6,5
呀,6,5
过,6,4
掏,6,5
喻,6,6
帖,6,5
翱,6,6
蹄,6,3
霉,6,1
倩,6,2
卸,6,5
槓,6,3
榫,6,3
魏,6,5
甫,6,6
帽,6,6
鰭,6,4
皚,6,3
鏢,6,2
巖,6,6
舷,6,3
拱,6,6
甩,6,6
訣,6,6
劾,6,5
堺,6,4
弘,6,6
傘,6,4
羚,6,3
銘,6,6
沱,6,1
勛,6,3
譚,6,5
袍,6,3
蝦,6,5
柿,6,4
崔,6,4
椰,6,2
瓶,6,5
閥,6,3
洱,6,4
麒,6,4
颱,6,6
晝,6,6
沸,6,6
牲,6,4
弛,6,5
鮭,6,2
阜,6,5
禪,6,4
傍,6,6
蒼,6,6
腺,6,4
蜀,6,5
车,6,5
内,6,5
霍,6,6
貧,6,6
霽,6,3
梓,6,1
磯,6,4
覲,6,2
曳,6,6
醇,6,5
斐,6,2
卿,6,6
雍,6,4
羔,6,2
畬,6,1
踢,5,4
喪,5,5
蕉,5,4
桿,5,4
愧,5,5
雇,5,4
嵌,5,4
幌,5,4
隙,5,5
剎,5,5
堵,5,5
嚐,5,5
歉,5,4
磷,5,4
点,5,3
恪,5,5
稍,5,5
訝,5,4
輻,5,4
脂,5,4
鉬,5,2
駿,5,5
煞,5,4
販,5,4
嗨,5,3
麽,5,5
仰,5,4
垃,5,4
圾,5,4
挽,5,5
恭,5,4
棚,5,5
裸,5,5
闢,5,5
催,5,5
丟,5,5
鈷,5,5
网,5,3
鱗,5,5
萍,5,5
縷,5,4
凇,5,4
嘴,5,5
庸,5,4
鴞,5,2
书,5,2
关,5,4
弓,5,5
淇,5,4
羌,5,5
秉,5,4
怒,5,5
蟬,5,5
粥,5,3
惟,5,3
聆,5,5
卯,5,3
邃,5,5
椅,5,3
憨,5,4
哺,5,3
鹼,5,3
漳,5,3
琢,5,5
熙,5,4
頑,5,5
怡,5,5
繽,5,4
淌,5,5
綱,5,5
灕,5,3
喚,5,4
卉,5,4
倖,5,3
弋,5,5
抒,5,4
瀚,5,5
爍,5,3
毯,5,4
崖,5,5
烷,5,3
衷,5,4
贛,5,2
彷,5,5
枕,5,2
鹮,5,2
勿,5,5
噬,5,4
戳,5,5
衢,5,3
搪,5,2
睏,5,5
膀,5,5
釀,5,5
妄,5,4
御,5,4
跤,5,3
瓣,5,3
苑,5,2
拘,5,5
裔,5,5
皺,5,3
棺,5,2
謙,5,4
窯,5,4
饅,5,1
礴,5,5
陡,5,5
怖,5,4
柚,5,1
睫,5,1
稠,5,2
顫,5,3
葬,5,4
祀,5,4
酯,5,3
敖,5,4
盔,5,3
諒,5,4
鑼,5,5
埼,5,5
暉,5,4
场,5,4
鴕,5,1
鱖,5,2
巢,5,3
棕,5,3
棵,5,4
产,5,3
乞,5,2
卵,5,2
馴,5,1
牂,5,1
牁,5,1
湄,5,1
嬌,4,4
函,4,3
惑,4,4
懾,4,4
潟,4,3
煎,4,4
札,4,3
榆,4,3
蠟,4,3
萎,4,4
数,4,2
这,4,4
鎊,4,4
昇,4,1
报,4,3
瘓,4,4
骼,4,3
琉,4,3
轍,4,4
蔗,4,3
枯,4,4
淪,4,3
沓,4,4
薰,4,4
迭,4,2
囤,4,4
昊,4,3
噪,4,2
餚,4,4
壹,4,3
騷,4,4
饒,4,3
眷,4,3
憤,4,4
挪,4,4
鋅,4,2
鷗,4,3
螃,4,4
豁,4,3
翁,4,3
玲,4,3
淮,4,2
将,4,3
体,4,3
奕,4,3
祠,4,2
愁,4,4
弈,4,4
釘,4,3
瀉,4,3
誓,4,4
烘,4,2
姚,4,3
餾,4,4
鉤,4,4
禦,4,4
迂,4,2
脖,4,4
肝,4,3
屹,4,4
疏,4,4
咸,4,3
幽,4,4
糟,4,4
銥,4,1
动,4,3
糸,4,2
涮,4,3
吶,4,4
謠,4,3
鼎,4,4
硝,4,3
遛,4,3
糊,4,4
眠,4,4
獄,4,4
慘,4,4
弄,4,4
恨,4,4
蛛,4,3
渭,4,1
靚,4,4
瘦,4,2
镀,4,1
统,4,2
机,4,4
淘,4,3
对,4,4
坑,4,2
澡,4,3
睹,4,4
圭,4,3
頁,4,4
勸,4,4
刮,4,3
猩,4,2
姜,4,4
窺,4,4
鍛,4,3
滴,4,4
鞦,4,2
韆,4,2
渾,4,4
幟,4,4
撥,4,4
汩,4,2
鏽,4,4
兇,4,4
獵,4,4
餵,4,4
纏,4,4
曰,4,3
昔,4,4
芙,4,4
篩,4,3
恍,4,3
忽,4,3
掖,4,3
稞,4,2
梳,4,2
晃,4,3
瞧,4,2
斜,4,4
彤,4,2
橘,4,3
彿,4,4
覃,4,4
蛙,4,3
垠,4,4
樑,4,3
肺,4,3
豎,4,3
瑜,4,4
旖,4,3
旎,4,3
涅,4,4
冉,4,2
淹,4,4
鄱,4,2
倪,4,3
籽,4,3
说,4,3
貘,4,1
齒,4,3
轄,4,4
晏,4,3
辆,4,1
懿,4,1
袁,4,3
现,4,2
耿,4,3
鍊,4,4
吻,4,2
怨,4,3
埋,4,4
瀟,4,4
澱,4,4
帳,4,4
氤,4,3
氳,4,3
繚,4,3
烹,4,4
蚶,4,1
塢,4,3
链,4,3
僵,4,4
禽,4,3
矗,3,3
恤,3,3
衫,3,3
巾,3,2
溺,3,2
錳,3,2
睿,3,3
藻,3,2
爲,3,3
蛻,3,3
仇,3,3
吋,3,3
饋,3,3
沈,3,2
窘,3,3
衍,3,3
岐,3,3
额,3,2
据,3,2
万,3,3
媲,3,3
螢,3,3
袖,3,3
弊,3,3
夾,3,2
薯,3,3
黏,3,3
竭,3,3
砍,3,3
檯,3,3
竊,3,3
踵,3,3
燥,3,3
汰,3,3
扔,3,3
攔,3,3
贸,3,2
叢,3,3
皓,3,3
酮,3,2
惱,3,3
蔭,3,3
頃,3,3
泵,3,3
氨,3,2
醋,3,3
拐,3,3
屯,3,3
玫,3,3
拾,3,3
咚,3,1
煮,3,2
閬,3,2
来,3,3
论,3,3
么,3,2
歪,3,3
扯,3,3
厭,3,2
汲,3,3
呂,3,3
栗,3,3
曦,3,3
孵,3,3
寐,3,3
兜,3,3
迦,3,3
廂,3,3
挫,3,3
渦,3,3
魷,3,3
斧,3,3
运,3,2
謐,3,3
鈔,3,1
侏,3,2
疇,3,2
鯤,3,2
歙,3,1
蒜,3,3
筷,3,3
咀,3,3
粑,3,2
曙,3,3
痕,3,3
竺,3,2
馭,3,3
鞭,3,3
尉,3,3
凜,3,2
哀,3,3
督,3,3
肛,3,2
鴿,3,3
嚇,3,3
蓼,3,1
鎣,3,1
罄,3,3
岑,3,3
揣,3,3
灤,3,2
掄,3,1
鬃,3,2
匿,3,3
狼,3,3
减,3,2
璧,3,3
淑,3,3
濾,3,3
姍,3,2
吏,3,1
襄,3,2
缽,3,2
隴,3,3
漿,3,2
戮,3,3
夯,3,3
絆,3,3
庇,3,3
薑,3,3
吵,3,2
慨,3,3
焙,3,1
孝,3,3
彙,3,2
瀏,3,3
蝴,3,3
勺,3,2
罔,3,3
攤,3,3
冢,3,2
澎,3,3
蜘,3,2
亟,3,3
湟,3,2
腕,3,3
駒,3,2
汾,3,3
旻,3,2
躺,3,3
靴,3,2
酪,3,2
豔,3,3
肆,3,3
羯,3,2
楳,3,1
僧,3,3
袤,3,3
柄,3,3
鑰,3,2
匙,3,2
煩,3,3
传,3,1
们,3,3
丰,3,2
梢,3,3
鐮,3,2
黟,3,3
蕪,3,1
楞,3,3
幢,3,1
逗,3,3
溶,3,3
嗩,3,3
宕,3,3
羨,3,1
职,3,1
奖,3,1
鹹,3,2
槃,3,3
终,3,2
牘,3,2
銹,3,2
掐,3,1
琺,3,2
喧,3,3
樁,3,3
狹,3,3
莞,3,2
靶,3,1
蜚,3,3
闔,3,3
阱,3,2
聳,3,3
槳,3,3
誇,3,3
纍,3,3
滕,3,2
隰,3,3
傣,3,3
橄,3,3
欖,3,3
鵲,3,2
軀,3,3
咩,3,2
捨,3,3
塵,3,3
漾,3,3
亚,3,2
嘲,3,3
夸,3,3
貪,3,3
邪,3,3
东,3,3
济,3,2
状,3,2
惹,3,2
棠,3,3
茉,3,2
綁,3,2
簍,3,1
榕,3,2
麋,3,1
婭,3,3
窩,3,2
雀,3,3
飪,3,3
涇,3,2
怪,3,3
醜,3,2
结,3,2
签,3,2
随,3,2
燙,3,1
虞,3,1
鉛,3,1
鵟,3,1
峭,3,2
鯢,3,1
构,3,2
狠,3,2
毽,2,1
堀,2,2
兔,2,2
撬,2,2
釐,2,2
釹,2,2
嗜,2,2
驪,2,1
瘋,2,2
创,2,2
贬,2,2
隸,2,2
抄,2,2
榊,2,2
禱,2,2
凹,2,2
奴,2,2
瀨,2,2
梶,2,2
刈,2,2
瀰,2,2
慌,2,2
摻,2,2
盯,2,2
盜,2,2
咬,2,2
桔,2,2
氪,2,2
羲,2,2
衆,2,2
榭,2,1
吼,2,2
檻,2,2
语,2,2
陌,2,2
劫,2,2
褐,2,2
鈀,2,2
蠻,2,2
燭,2,2
墻,2,2
蜇,2,1
从,2,2
肴,2,1
扛,2,2
怯,2,2
鍾,2,2
炙,2,2
膩,2,2
勉,2,2
婿,2,2
軋,2,1
鍶,2,1
陂,2,2
牡,2,2
擘,2,2
琅,2,2
褲,2,1
鵰,2,1
眶,2,2
几,2,2
还,2,2
视,2,2
闻,2,2
頰,2,2
蘢,2,2
躚,2,2
拈,2,2
扉,2,2
繕,2,2
脳,2,1
兮,2,1
刨,2,1
蟄,2,1
螄,2,1
蹺,2,2
嵐,2,2
熬,2,2
朴,2,1
箏,2,2
擲,2,2
恥,2,1
侮,2,2
螞,2,2
蟻,2,2
灌,2,2
俾,2,1
渲,2,2
縹,2,2
緲,2,2
咋,2,2
眨,2,2
婺,2,2
媚,2,2
丈,2,2
辟,2,2
墾,2,2
叄,2,1
婉,2,2
玥,2,2
囚,2,2
躲,2,2
莪,2,1
坭,2,1
圩,2,2
騁,2,2
倚,2,2
饕,2,1
餮,2,1
岜,2,1
哦,2,2
僚,2,2
磺,2,2
广,2,2
该,2,2
趋,2,2
势,2,2
筑,2,2
暈,2,2
撣,2,2
刪,2,2
衊,2,2
邸,2,2
寂,2,2
緝,2,2
猷,2,1
扁,2,2
呦,2,1
云,2,2
煜,2,2
遐,2,2
攙,2,2
湊,2,2
陛,2,1
渴,2,2
倦,2,2
洶,2,2
楂,2,2
茄,2,2
犀,2,2
踴,2,2
峯,2,2
軾,2,2
曠,2,2
詼,2,2
鶩,2,2
勻,2,2
蔣,2,2
鈞,2,2
嫻,2,2
骸,2,1
逝,2,2
罗,2,2
咆,2,2
哮,2,2
唆,2,1
咱,2,2
矯,2,2
犧,2,2
釗,2,1
埕,2,2
佼,2,1
寥,2,1
佴,2,1
毗,2,2
椎,2,2
魁,2,2
啾,2,1
殮,2,1
鏟,2,2
墅,2,2
饃,2,1
偕,2,2
雉,2,2
蜃,2,2
梧,2,2
侶,2,2
营,2,2
携,2,2
带,2,2
炳,2,1
畹,2,1
湃,2,2
坍,2,2
喹,2,1
蝠,2,1
矮,2,2
簾,2,2
飢,2,1
餓,2,1
烽,2,2
咨,2,2
鯽,2,1
撿,2,2
橙,2,2
沂,2,1
跋,2,1
潺,2,1
黛,2,2
断,2,2
约,2,2
昱,2,2
陜,2,2
欧,2,1
补,2,1
贴,2,1
谈,2,1
话,2,1
犛,2,1
攪,2,2
瑯,2,1
廬,2,2
垮,2,2
懈,2,2
廖,2,2
蛟,2,2
嵩,2,2
悔,2,2
拂,2,2
标,2,2
区,2,2
琪,2,2
棍,2,2
舜,2,1
爹,2,1
峒,2,2
雌,2,2
粼,2,1
狸,2,1
瘧,2,1
蚊,2,1
彪,2,1
娟,2,2
粱,2,2
渔,2,1
启,2,2
膚,2,2
慾,2,2
税,2,2
筋,2,2
瘟,2,2
庵,2,2
颳,2,2
裊,2,1
邢,2,2
礫,2,1
邵,2,2
菅,2,2
请,2,2
纓,2,2
銻,2,1
进,2,1
销,2,1
芊,2,1
堰,2,1
眉,2,2
奥,2,1
时,2,2
别,2,2
嘻,2,1
憋,2,2
斬,2,2
彬,2,2
諷,2,2
詆,2,2
惺,2,1
熔,2,2
漓,2,2
鄒,2,1
盘,2,1
头,2,2
魄,2,2
赦,2,1
棱,2,2
卫,2,1
当,2,2
鑣,2,2
堊,2,1
喵,2,1
彝,2,2
窪,2,2
咎,2,2
辜,2,2
幀,2,2
沼,2,1
焚,2,2
戚,2,2
辨,2,2
芹,2,1
脩,2,1
哉,2,2
薛,2,1
澇,2,2
馥,2,2
璞,2,1
啃,2,2
綽,2,1
丫,2,1
謊,2,2
蜥,2,1
劼,2,1
粘,2,2
溟,2,1
詹,2,1
韩,2,2
证,2,1
泱,2,1
蓉,2,2
联,2,2
强,2,2
蜻,2,2
蜓,2,2
餌,2,2
蒯,2,1
綦,2,1
狍,2,1
忡,2,1
嘟,2,1
桁,2,2
餞,2,1
瀘,2,2
茵,2,1
螭,2,2
鴟,2,1
穹,2,2
嵊,2,1
攘,2,1
藺,2,1
汊,2,1
寡,2,2
氢,2,1
缩,2,1
价,2,1
鰤,2,1
杴,1,1
瓢,1,1
襖,1,1
揹,1,1
淤,1,1
瞠,1,1
竿,1,1
玖,1,1
畏,1,1
吝,1,1
蹶,1,1
硃,1,1
嶄,1,1
亿,1,1
长,1,1
独,1,1
兑,1,1
眞,1,1
熾,1,1
迹,1,1
銑,1,1
擒,1,1
卑,1,1
髦,1,1
鎢,1,1
碲,1,1
鉍,1,1
銦,1,1
渣,1,1
獼,1,1
劄,1,1
諡,1,1
屁,1,1
嚨,1,1
灼,1,1
賊,1,1
媧,1,1
韭,1,1
薺,1,1
欠,1,1
頹,1,1
鞍,1,1
鐠,1,1
鉈,1,1
畑,1,1
樋,1,1
枹,1,1
櫟,1,1
硼,1,1
义,1,1
乌,1,1
慚,1,1
梗,1,1
剖,1,1
傚,1,1
蹊,1,1
悶,1,1
焊,1,1
溧,1,1
亥,1,1
傭,1,1
瀧,1,1
账,1,1
号,1,1
尝,1,1
试,1,1
鎌,1,1
攢,1,1
硯,1,1
殃,1,1
硅,1,1
箜,1,1
篌,1,1
隕,1,1
訶,1,1
菩,1,1
澧,1,1
妨,1,1
儂,1,1
炕,1,1
廿,1,1
攸,1,1
囑,1,1
菏,1,1
睦,1,1
沆,1,1
碭,1,1
捺,1,1
訛,1,1
嬰,1,1
砌,1,1
筐,1,1
峪,1,1
卣,1,1
陆,1,1
脚,1,1
舆,1,1
惊,1,1
迁,1,1
线,1,1
瑣,1,1
寮,1,1
邕,1,1
拯,1,1
埗,1,1
虻,1,1
祕,1,1
糰,1,1
扒,1,1
罍,1,1
顰,1,1
歎,1,1
濰,1,1
靡,1,1
拽,1,1
嗦,1,1
弔,1,1
髻,1,1
掬,1,1
棗,1,1
粳,1,1
蹲,1,1
漩,1,1
辱,1,1
啞,1,1
腊,1,1
稔,1,1
潞,1,1
铁,1,1
瞥,1,1
弶,1,1
峙,1,1
缸,1,1
贖,1,1
蕎,1,1
臊,1,1
囧,1,1
佚,1,1
愷,1,1
鬲,1,1
鈁,1,1
驟,1,1
冽,1,1
淞,1,1
匣,1,1
呵,1,1
厄,1,1
鯊,1,1
舸,1,1
弧,1,1
諉,1,1
拙,1,1
鑿,1,1
騫,1,1
殉,1,1
拭,1,1
閡,1,1
廁,1,1
垣,1,1
蒿,1,1
劬,1,1
瘁,1,1
愴,1,1
鈺,1,1
掣,1,1
咔,1,1
嚓,1,1
濺,1,1
猞,1,1
猁,1,1
鵜,1,1
鶘,1,1
种,1,1
闭,1,1
环,1,1
艺,1,1
难,1,1
绿,1,1
筱,1,1
鯰,1,1
搗,1,1
矩,1,1
窈,1,1
窕,1,1
叱,1,1
沅,1,1
恵,1,1
磊,1,1
笛,1,1
覬,1,1
覦,1,1
寰,1,1
酩,1,1
儺,1,1
疼,1,1
穌,1,1
磐,1,1
洙,1,1
桅,1,1
尷,1,1
尬,1,1
鑾,1,1
宸,1,1
撆,1,1
襟,1,1
嘿,1,1
蜂,1,1
荼,1,1
裨,1,1
曜,1,1
蜉,1,1
蝣,1,1
鄂,1,1
陲,1,1
迸,1,1
嫁,1,1
珀,1,1
酗,1,1
霖,1,1
剷,1,1
芥,1,1
慷,1,1
愾,1,1
嗣,1,1
觴,1,1
馕,1,1
澗,1,1
鶯,1,1
帘,1,1
愫,1,1
烝,1,1
戟,1,1
飘,1,1
嶗,1,1
菠,1,1
凋,1,1
憚,1,1
噩,1,1
瑤,1,1
辮,1,1
仕,1,1
咫,1,1
箋,1,1
县,1,1
华,1,1
备,1,1
爱,1,1
养,1,1
储,1,1
懵,1,1
喆,1,1
搓,1,1
员,1,1
稽,1,1
喇,1,1
叭,1,1
揀,1,1
巋,1,1
簇,1,1
泗,1,1
吁,1,1
檜,1,1
吱,1,1
昧,1,1
竇,1,1
馱,1,1
粟,1,1
閔,1,1
坷,1,1
譁,1,1
緙,1,1
蓀,1,1
泣,1,1
罡,1,1
茱,1,1
萸,1,1
梽,1,1
叼,1,1
稜,1,1
戌,1,1
攏,1,1
渐,1,1
暱,1,1
鏖,1,1
墳,1,1
觚,1,1
瘠,1,1
鐫,1,1
姻,1,1
龔,1,1
炁,1,1
嘹,1,1
邱,1,1
噶,1,1
卞,1,1
犍,1,1
昨,1,1
昺,1,1
絮,1,1
鏗,1,1
鏘,1,1
戍,1,1
槤,1,1
蟶,1,1
暇,1,1
邰,1,1
覧,1,1
鴛,1,1
鴦,1,1
彧,1,1
鉞,1,1
黍,1,1
糍,1,1
诺,1,1
坛,1,1
仅,1,1
听,1,1
壑,1,1
维,1,1
队,1,1
边,1,1
聶,1,1
邇,1,1
淅,1,1
瀝,1,1
莖,1,1
摹,1,1
耽,1,1
喃,1,1
敞,1,1
鈾,1,1
萃,1,1
仗,1,1
邯,1,1
鄲,1,1
荡,1,1
楫,1,1
黄,1,1
扬,1,1
驶,1,1
淀,1,1
芍,1,1
朽,1,1
暹,1,1
蓝,1,1
匕,1,1
熏,1,1
惘,1,1
肇,1,1
砲,1,1
諺,1,1
孿,1,1
嗅,1,1
蹁,1,1
泜,1,1
鸛,1,1
皎,1,1
孢,1,1
疣,1,1
捂,1,1
踞,1,1
髯,1,1
涪,1,1
憓,1,1
諭,1,1
拎,1,1
嘍,1,1
遨,1,1
复,1,1
樟,1,1
歿,1,1
禍,1,1
鰲,1,1
潁,1,1
轿,1,1
虽,1,1
轻,1,1
樱,1,1
规,1,1
懺,1,1
葩,1,1
杖,1,1
簪,1,1
郝,1,1
军,1,1
谢,1,1
岁,1,1
逞,1,1
隼,1,1
篠,1,1
劈,1,1
紉,1,1
较,1,1
担,1,1
忧,1,1
汇,1,1
险,1,1
悍,1,1
酣,1,1
懟,1,1
组,1,1
织,1,1
刚,1,1
门,1,1
两,1,1
烧,1,1
泻,1,1
呕,1,1
氆,1,1
氌,1,1
浹,1,1
蠢,1,1
喲,1,1
浚,1,1
瑄,1,1
胺,1,1
泌,1,1
宠,1,1
纂,1,1
霆,1,1
洸,1,1
澆,1,1
叒,1,1
洮,1,1
錘,1,1
苛,1,1
欺,1,1
篁,1,1
菡,1,1
萏,1,1
呎,1,1
柞,1,1
芮,1,1
祐,1,1
蹬,1,1
貞,1,1
逍,1,1
撂,1,1
斃,1,1
陞,1,1
剁,1,1
蔦,1,1
啼,1,1
烴,1,1
呻,1,1
吟,1,1
垸,1,1
賤,1,1
岔,1,1
瓏,1,1
滷,1,1
豉,1,1
佇,1,1
茹,1,1
歆,1,1
喱,1,1
笈,1,1
薈,1,1
擂,1,1
殤,1,1
甬,1,1
膝,1,1
跪,1,1
囪,1,1
鬚,1,1
淥,1,1
謫,1,1
亙,1,1
疋,1,1
藹,1,1
氂,1,1
屑,1,1
漣,1,1
漪,1,1
驢,1,1
煽,1,1
爵,1,1
茗,1,1
漕,1,1
汝,1,1
矣,1,1
犒,1,1
閨,1,1
褂,1,1
嶂,1,1
佶,1,1
寇,1,1
砸,1,1
笨,1,1
匡,1,1
謬,1,1
饈,1,1
紜,1,1
肘,1,1
葳,1,1
蕤,1,1
潯,1,1
薊,1,1
垚,1,1
奼,1,1
嫣,1,1
餡,1,1
菖,1,1
楣,1,1
频,1,1
睐,1,1
询,1,1
称,1,1
风,1,1
获,1,1
临,1,1
醃,1,1
篡,1,1
摧,1,1
賡,1,1
滘,1,1
鯔,1,1
瓮,1,1
鱉,1,1
緞,1,1
眸,1,1
领,1,1
导,1,1
议,1,1
没,1,1
牵,1,1
权,1,1
戏,1,1
唾,1,1
婆,1,1
燧,1,1
雛,1,1
鸚,1,1
鵡,1,1
廓,1,1
磕,1,1
兴,1,1
无,1,1
处,1,1
阳,1,1
乐,1,1
观,1,1
热,1,1
积,1,1
极,1,1
给,1,1
质,1,1
验,1,1
潦,1,1
鐧,1,1
猿,1,1
鉉,1,1
寅,1,1
簷,1,1
嗡,1,1
滻,1,1
灞,1,1
涸,1,1
挨,1,1
弜,1,1
匱,1,1
癡,1,1
伎,1,1
祛,1,1
嗝,1,1
糞,1,1
挾,1,1
珞,1,1
璜,1,1
勐,1,1
洄,1,1
滔,1,1
燁,1,1
氯,1,1
燜,1,1
膾,1,1
淄,1,1
鬢,1,1
楹,1,1
蹦,1,1
萱,1,1
侍,1,1
袱,1,1
縈,1,1
奐,1,1
硏,1,1
簏,1,1
謇,1,1
猙,1,1
獰,1,1
喰,1,1
嘞,1,1
霑,1,1
锂,1,1
厂,1,1
继,1,1
认,1,1
购,1,1
霓,1,1
醛,1,1
紊,1,1
煦,1,1
叠,1,1
懶,1,1
棘,1,1
燻,1,1
忒,1,1
肌,1,1
遴,1,1
农,1,1
扩,1,1
气,1,1
俵,1,1
酶,1,1
乖,1,1
褶,1,1
妲,1,1
櫛,1,1
滞,1,1
与,1,1
声,1,1
尽,1,1
摆,1,1
脱,1,1
稳,1,1
涨,1,1
决,1,1
负,1,1
评,1,1
况,1,1
并,1,1
屍,1,1
囂,1,1
筠,1,1
昏,1,1
黯,1,1
鉚,1,1
栓,1,1
詛,1,1
咒,1,1
襬,1,1
